"database","schema","table","column","type","mandatory","description"
"ros","ros_meta","contact","id","integer","YES","[EN]: Unique identifier of the contact
[FR]: Identifiant unique du contact"
"ros","ros_meta","contact","full_name","character varying(255)","YES","[EN]: Full name of the contact
[FR]: Nom complet du contact"
"ros","ros_meta","contact","nationality_code","character(3)","NO","[EN]: Three-letter country code indicating the nationality of the contact
[FR]: Code à trois lettres indiquant la nationalité du contact"
"ros","ros_meta","focal_point","contact_id","integer","YES","[EN]: Identifier of the contact associated with the focal point
[FR]: Identifiant du contact associé au point focal"
"ros","ros_meta","focal_point","email","character varying(255)","NO","[EN]: Email address of the focal point
[FR]: Adresse électronique du point focal"
"ros","ros_meta","focal_point","organisation_name","character varying(1024)","NO","[EN]: Name of the organisation represented by the focal point
[FR]: Nom de l'organisation représentée par le point focal"
"ros","ros_meta","focal_point","comment","character varying(1024)","NO","[EN]: Additional comments or information about the focal point
[FR]: Commentaires ou informations complémentaires concernant le point focal"
"ros","ros_meta","observer","contact_id","integer","YES","[EN]: Identifier of the contact associated with the observer
[FR]: Identifiant du contact associé à l'observateur scientifique"
"ros","ros_meta","observer","iotc_observer_identifier","character varying(255)","YES","[EN]: Unique identifier assigned to the observer within the IOTC Regional Observer Scheme
[FR]: Identifiant unique attribué à l'observateur dans le cadre du Mécanisme Régional d'Observateurs scientifiques de la CTOI"
"ros","ros_meta","observer","national_observer_id","character varying(255)","NO","[EN]: Identifier assigned to the observer by the national authority
[FR]: Identifiant attribué à l'observateur par l'autorité nationale"
"ros","ros_meta","observer_accreditation","observer_id","integer","YES","[EN]: Identifier of the observer
[FR]: Identifiant de l'observateur scientifique"
"ros","ros_meta","observer_accreditation","accreditation_year","integer","NO","[EN]: Year in which the observer was accredited
[FR]: Année d'accréditation de l'observateur scientifique"
"ros","ros_meta","observer_accreditation","accredited_by","character varying(255)","NO","[EN]: Organisation or authority that accredited the observer
[FR]: Organisation ou autorité ayant accrédité l'observateur scientifique"
"ros","ros_meta","observer_accreditation","deregistered_date","date","NO","[EN]: Date on which the observer was deregistered
[FR]: Date à laquelle l'observateur scientifique a été désinscrit"
"ros","ros_meta","observer_identifier_mapping","legacy_iotc_observer_identifier","character varying(16)","YES","[EN]: Former IOTC observer identifier
[FR]: Ancien identifiant de l'observateur scientifique de la CTOI"
"ros","ros_meta","observer_identifier_mapping","iotc_observer_identifier","character varying(16)","YES","[EN]: Current IOTC observer identifier
[FR]: Identifiant actuel de l'observateur scientifique de la CTO"
"ros","ros_meta","vessel","id","integer","YES","[EN]: Unique identifier of the vessel
[FR]: Identifiant unique du navire"
"ros","ros_meta","vessel","imo_identifier","character varying(255)","NO","[EN]: IMO number identifying the vessel
[FR]: Numéro OMI identifiant le navire"
"ros","ros_meta","vessel","iotc_vessel_identifier","character varying(255)","YES","[EN]: IOTC identifier assigned to the vessel
[FR]: Identifiant CTOI attribué au navire"
"ros","ros_meta","vessel","ircs_identifier","character varying(255)","NO","[EN] International Radio Call Sign identifying the vessel
[FR] Indicatif international d'appel radio identifiant le navire"
"ros","ros_meta","vessel","vessel_name","character varying(255)","YES","[EN] Name of the vessel
[FR] Nom du navire"
"ros","ros_meta","vessel","registration_identifier","character varying(255)","NO","[EN] Registration identifier of the vessel
[FR] Identifiant d'immatriculation du navire"
"ros","ros_meta","vessel","main_fishing_gear_code","character varying(16)","YES","[EN] Code identifying the vessel's main fishing gear
[FR] Code identifiant le principal engin de pêche du navire"
"ros","ros_meta","vessel","flag_code","character(3)","NO","[EN] Three-letter country code indicating the vessel's flag State
[FR] Code à trois lettres indiquant l'État du pavillon du navire"
"ros","ros_meta","vessel","port_code","character varying(16)","NO","[EN] Code identifying the vessel's port
[FR] Code identifiant le port du navire"
"ros","ros_meta","vessel_licensed_target_species","vessel_id","integer","YES","[EN] Identifier of the vessel
[FR] Identifiant du navire"
"ros","ros_meta","vessel_licensed_target_species","licensed_target_species_code","character varying(16)","NO","[EN] Code identifying a species for which the vessel is licensed to fish
[FR] Code identifiant une espèce pour laquelle le navire est autorisé à pêcher"
"ros","ros_common","additional_details_on_non_target_species","id","integer","YES","[EN] Unique identifier of the non-target species record
[FR] Identifiant unique de l'enregistrement relatif à l'espèce non ciblée"
"ros","ros_common","additional_details_on_non_target_species","condition_at_capture_code","character varying(3)","NO","[EN] Code indicating the condition of the non-target species at capture
[FR] Code indiquant l'état de l'espèce non ciblée au moment de la capture"
"ros","ros_common","additional_details_on_non_target_species","condition_at_release_code","character varying(3)","NO","[EN] Code indicating the condition of the non-target species at release
[FR] Code indiquant l'état de l'espèce non ciblée au moment de la remise à l'eau'"
"ros","ros_common","biometric_information","id","integer","YES","Unique identifier of the biometric information record
[FR] Identifiant unique de l'enregistrement des informations biométriques"
"ros","ros_common","biometric_information","bio_collection_sampling_method_code","character(2)","NO","[EN] Code identifying the method used to collect the biological sample
[FR] Code identifiant la méthode utilisée pour prélever l'échantillon biologique"
"ros","ros_common","biometric_information","sex_code","character(1)","NO","[EN] Code indicating the sex of the specimen
[FR] Code indiquant le sexe du spécimen"
"ros","ros_common","biometric_information","estimated_weight_value","double precision","NO","[EN] Estimated weight value of the specimen
[FR] Valeur du poids estimé du spécimen"
"ros","ros_common","biometric_information","estimated_weight_unit","character varying(3)","NO","[EN] Unit used for the estimated weight
[FR] Unité utilisée pour le poids estimé"
"ros","ros_common","biometric_information","estimated_weight_type_of_measurement_code","character(2)","NO","'[EN] Code identifying the type of measurement used to estimate the weight
[FR] Code identifiant le type de mesure utilisé pour estimer le poids"
"ros","ros_common","biometric_information","estimated_weight_processing_type_code","character(2)","NO","[EN] Code identifying the processing state of the specimen to which the estimated weight refers
[FR] Code identifiant l'état de transformation du spécimen auquel se rapporte le poids estimé"
"ros","ros_common","biometric_information","estimated_weight_method_code","character(2)","NO","[EN] Code identifying the method used to estimate the weight
[FR] Code identifiant la méthode utilisée pour estimer le poids"
"ros","ros_common","biometric_information","maturity_stage_level","integer","NO","[EN] Maturity stage level of the specimen derived from macroscopic exam of the gonads
[FR] Niveau de maturité du spécimen dérivé de l'examen macroscopique des gonades"
"ros","ros_common","biometric_information","maturity_stage_scale","character varying(255)","NO","[EN] Scale used to record the maturity stage
[FR] Échelle utilisée pour enregistrer le stade de maturité"
"ros","ros_common","biometric_information","alternative_measured_length_value","double precision","NO","EN] Alternative measured length value of the specimen
[FR] Valeur de la longueur mesurée alternative du spécimen"
"ros","ros_common","biometric_information","alternative_measured_length_unit","character varying(3)","NO","[EN] Unit used for the alternative measured length
[FR] Unité utilisée pour la longueur mesurée alternative"
"ros","ros_common","biometric_information","alternative_measured_length_type_of_measurement_code","character(2)","NO","[EN] Code identifying the type of measurement used for the alternative measured length
[FR] Code identifiant le type de mesure utilisé pour la longueur mesurée alternative"
"ros","ros_common","biometric_information","alternative_measured_length_measured_length_type_code","character(2)","NO","[EN] Code identifying the type of length measured as the alternative length
[FR] Code identifiant le type de longueur mesurée correspondant à la longueur alternative"
"ros","ros_common","biometric_information","alternative_measured_length_length_measuring_tool_code","character(2)","NO","[EN] Code identifying the tool used to measure the alternative length
[FR] Code identifiant l'outil utilisé pour mesurer la longueur alternative"
"ros","ros_common","biometric_information","measured_length_value","double precision","NO","[EN] Measured length value of the specimen
[FR] Valeur de la longueur mesurée du spécimen"
"ros","ros_common","biometric_information","measured_length_unit","character varying(3)","NO","[EN] Unit used for the measured length
[FR] Unité utilisée pour la longueur mesurée"
"ros","ros_common","biometric_information","measured_length_type_of_measurement_code","character(2)","NO","[EN] Code identifying the type of measurement used for the measured length
[FR] Code identifiant le type de mesure utilisé pour la longueur mesurée"
"ros","ros_common","biometric_information","measured_length_measured_length_type_code","character(2)","NO","[EN] Code identifying the type of length measured
[FR] Code identifiant le type de longueur mesurée"
"ros","ros_common","biometric_information","measured_length_length_measuring_tool_code","character(2)","NO","[EN] Code identifying the tool used to measure the length
[FR] Code identifiant l'outil utilisé pour mesurer la longueur"
"ros","ros_common","biometric_information","sample_collection_detail_destination","character varying(255)","NO","[EN] Destination of the biological sample after collection
[FR] Destination de l'échantillon biologique après prélèvement"
"ros","ros_common","biometric_information","sample_collection_detail_preservation_method","text","NO","[EN] Method used to preserve the biological sample
[FR] Méthode utilisée pour conserver l'échantillon biologique"
"ros","ros_common","biometric_information","sample_collection_detail_sample_type","character varying(255)","NO","[EN] Type of biological sample collected
[FR] Type d'échantillon biologique prélevé"
"ros","ros_common","biometric_information","alternative_measured_length_straight","character varying(5)","NO","[EN] Indicator specifying whether the alternative measured length is a straight length
[FR] Indicateur précisant si la longueur mesurée alternative est une longueur en ligne droite"
"ros","ros_common","biometric_information","measured_length_straight","character varying(5)","NO","[EN] Indicator specifying whether the measured length is a straight length
[FR] Indicateur précisant si la longueur mesurée est une longueur en ligne droite"
"ros","ros_common","depredation_details","id","integer","YES","[EN] Unique identifier of the depredation record
[FR] Identifiant unique de l'enregistrement de déprédation"
"ros","ros_common","depredation_details","depredation_source_code","character varying(3)","NO","[EN] Code identifying the source of depredation
[FR] Code identifiant la source de la déprédation"
"ros","ros_common","depredation_details","predator_observed_code","character varying(16)","NO","[EN] Code identifying the predator observed during the depredation event
[FR] Code identifiant le prédateur observé lors de l'événement de déprédation"
"ros","ros_common","observation_dataset","id","integer","YES","[EN] Unique identifier of the observation dataset
[FR] Identifiant unique du jeu de données d'observations"
"ros","ros_common","observation_dataset","vessel_type_code","character(3)","YES","[EN] Code identifying the type of vessel covered by the observation dataset
[FR] Code identifiant le type de navire couvert par le jeu de données d'observations"
"ros","ros_common","observation_dataset","reporting_country_code","character(3)","YES","[EN] Three-letter country code identifying the country reporting the observation dataset
[FR] Code à trois lettres identifiant le pays déclarant le jeu de données d'observations"
"ros","ros_common","observation_dataset","complete","boolean","YES","[EN] Indicates whether the observation dataset is complete
[FR] Indique si le jeu de données d'observations est complet"
"ros","ros_common","observation_dataset","creation_time","timestamp(6) without time zone","YES","[EN] Date and time when the observation dataset was created
[FR] Date et heure de création du jeu de données d'observations"
"ros","ros_common","observation_dataset","originator","character varying(255)","YES","[EN] Organisation or system that originally created the observation dataset
[FR] Organisation ou système ayant créé à l'origine le jeu de données d'observations"
"ros","ros_common","observation_dataset","originator_version","character varying(255)","YES","[EN] Version of the system or data model used by the originator
[FR] Version du système ou du modèle de données utilisé par l'auteur d'origine"
"ros","ros_common","observation_dataset","ros_codelists_version","character varying(255)","YES","[EN] Version of the ROS reference codelists used for the observation dataset
[FR] Version des listes de codes de référence du Mécanisme Régional d'Observateurs scientifiques utilisée pour le jeu de données d'observations"
"ros","ros_common","observation_dataset","ros_model_version","character varying(255)","YES","[EN] Version of the ROS data model used for the observation dataset
[FR] Version du modèle de données du Mécanisme Régional d'Observateurs scientifiques utilisée pour le jeu de données d'observations"
"ros","ros_common","observation_dataset","source","character varying(255)","YES","[EN] Source system or application from which the observation dataset originates
[FR] Système ou application à l'origine du jeu de données d'observations"
"ros","ros_common","observation_dataset","status","character varying(255)","YES","[EN] Current status of the observation dataset
[FR] Statut actuel du jeu de données d'observations"
"ros","ros_common","observation_dataset","submission_time","timestamp(6) without time zone","NO","[EN] Date and time when the observation dataset was submitted
[FR] Date et heure de soumission du jeu de données d'observations"
"ros","ros_common","observation_dataset","finalization_time","timestamp(6) without time zone","NO","[EN] Date and time when the observation dataset was finalised
[FR] Date et heure de finalisation du jeu de données d'observations"
"ros","ros_common","observation_dataset","submitter_id","integer","YES","[EN] Identifier of the person or entity that submitted the observation dataset
[FR] Identifiant de la personne ou de l'entité ayant soumis le jeu de données d'observations"
"ros","ros_common","observation_dataset","reporting_year","integer","NO","[EN] Year to which the reported observation data relate
[FR] Année à laquelle se rapportent les données d'observations déclarées"
"ros","ros_common","observation_dataset","reporting_entity_code","character varying(4)","NO","[EN] Code identifying the entity responsible for reporting the observation dataset
[FR] Code identifiant l'entité responsable de la déclaration du jeu de données d'observations"
"ros","ros_common","observation_dataset","reporting_source_dataset_code","character(2)","NO","[EN] Code identifying the dataset from which the observation data were reported
[FR] Code identifiant le jeu de données à partir duquel les données d'observations ont été déclarées"
"ros","ros_common","observation_dataset","reporting_source_code","character(2)","NO","[EN] Code identifying the source from which the observation data were reported
[FR] Code identifiant la source à partir de laquelle les données d'observations ont été déclarées"
"ros","ros_common","trip","id","integer","YES","[EN] Unique identifier of the trip
[FR] Identifiant unique de la marée"
"ros","ros_common","trip","trip_original_id","character varying(255)","YES","[EN] Original identifier assigned to the trip by the reporting system
[FR] Identifiant d'origine attribué à la marée par le système déclarant"
"ros","ros_common","trip","observation_dataset_id","integer","YES","[EN] Identifier of the observation dataset to which the trip belongs
[FR] Identifiant du jeu de données d'observations auquel appartient la marée"
"ros","ros_common","trip","uid","character varying(255)","YES","[EN] Unique identifier of the trip used for data integration
[FR] Identifiant unique de la marée utilisé pour l'intégration des données"
"ros","ros_common","trip_daily_activities","trip_id","integer","YES","[EN] Identifier of the trip
[FR] Identifiant de la marée"
"ros","ros_common","trip_daily_activities","id","integer","YES","[EN] Unique identifier of the daily activity record
[FR] Identifiant unique de l'enregistrement de l'activité quotidienne"
"ros","ros_common","trip_daily_activities","date","timestamp(3) without time zone","YES","[EN] Date of the daily activity
[FR] Date de l'activité quotidienne"
"ros","ros_common","trip_daily_activity_details","id","integer","YES","[EN] Unique identifier of the daily activity detail record
[FR] Identifiant unique de l'enregistrement des détails de l'activité quotidienne"
"ros","ros_common","trip_daily_activity_details","comments","text","NO","[EN] Additional comments on the daily activity
[FR] Commentaires complémentaires sur l'activité quotidienne"
"ros","ros_common","trip_daily_activity_details","time_of_day","timestamp(3) without time zone","NO","[EN] Date and time of the activity
[FR] Date et heure de l'activité"
"ros","ros_common","trip_daily_activity_details","latitude","double precision","NO","[EN] Latitude in decimal degrees of the activity location
[FR] Latitude en degrés décimaux du lieu de l'activité"
"ros","ros_common","trip_daily_activity_details","longitude","double precision","NO","[EN] Longitude in decimal degrees of the activity location
[FR] Longitude en degrés décimaux du lieu de l'activité"
"ros","ros_common","trip_daily_activity_details","activity_code","character(2)","NO","[EN] Code identifying the type of activity
[FR] Code identifiant le type d'activité"
"ros","ros_common","trip_daily_activity_details","trip_daily_activity_id","integer","YES","[EN] Identifier of the associated daily activity
[FR] Identifiant de l'activité quotidienne associée"
"ros","ros_common","trip_observer","trip_id","integer","YES","[EN] Identifier of the trip
[FR] Identifiant de la marée"
"ros","ros_common","trip_observer","date_time_disembarkation","timestamp(6) without time zone","NO","[EN] Date and time of observer disembarkation
[FR] Date et heure du débarquement de l'observateur scientifique"
"ros","ros_common","trip_observer","date_time_embarkation","timestamp(6) without time zone","NO","[EN] Date and time of observer embarkation
[FR] Date et heure de l'embarquement de l'observateur scientifique"
"ros","ros_common","trip_observer","observer_id","integer","YES","[EN] Identifier of the observer
[FR] Identifiant de l'observateur scientifique"
"ros","ros_common","trip_observer","disembarkation_location_name","character varying(255)","NO","[EN] Name of the observer disembarkation location
[FR] Nom du lieu de débarquement de l'observateur scientifique"
"ros","ros_common","trip_observer","disembarkation_latitude","double precision","NO","[EN] Latitude in decimal degrees of the observer disembarkation location
[FR] Latitude en degrés décimaux du lieu de débarquement de l'observateur scientifique"
"ros","ros_common","trip_observer","disembarkation_longitude","double precision","NO","[EN] Longitude in decimal degrees of the observer disembarkation location
[FR] Longitude en degrés décimaux du lieu de débarquement de l'observateur scientifique"
"ros","ros_common","trip_observer","disembarkation_country_code","character(3)","NO","[EN] Three-letter country code of the observer disembarkation location
[FR] Code à trois lettres du pays du lieu de débarquement de l'observateur scientifique"
"ros","ros_common","trip_observer","disembarkation_port_code","character varying(16)","NO","[EN] Code identifying the observer disembarkation port
[FR] Code identifiant le port de débarquement de l'observateur scientifique"
"ros","ros_common","trip_observer","embarkation_location_name","character varying(255)","NO","[EN] Name of the observer embarkation location
[FR] Nom du lieu d'embarquement de l'observateur scientifique"
"ros","ros_common","trip_observer","embarkation_latitude","double precision","NO","[EN] Latitude in decimal degrees of the observer embarkation location
[FR] Latitude en degrés décimaux du lieu d'embarquement de l'observateur scientifique"
"ros","ros_common","trip_observer","embarkation_longitude","double precision","NO","[EN] Longitude in decimal degrees of the observer embarkation location
[FR] Longitude en degrés décimaux du lieu d'embarquement de l'observateur scientifique"
"ros","ros_common","trip_observer","embarkation_country_code","character(3)","NO","[EN] Three-letter country code of the observer embarkation location
[FR] Code à trois lettres du pays du lieu d'embarquement de l'observateur scientifique"
"ros","ros_common","trip_observer","embarkation_port_code","character varying(16)","NO","[EN] Code identifying the observer embarkation port
[FR] Code identifiant le port d'embarquement de l'observateur scientifique"
"ros","ros_common","trip_reasons_for_days_lost","id","integer","YES","[EN] Unique identifier of the record
[FR] Identifiant unique de l'enregistrement"
"ros","ros_common","trip_reasons_for_days_lost","reason","text","NO","[EN] Reason for the days lost during the trip
[FR] Raison des jours perdus au cours de la marée"
"ros","ros_common","trip_reasons_for_days_lost","inoperativity_reason","character varying(255)","NO","[EN] Reason for the inoperativity of the vessel or fishing operation
[FR] Raison de l'inactivité du navire ou de l'opération de pêche"
"ros","ros_common","trip_reasons_for_days_lost","trip_id","integer","YES","[EN] Identifier of the trip
[FR] Identifiant de la marée"
"ros","ros_common","trip_vessel","trip_id","integer","YES","[EN] Identifier of the trip
[FR] Identifiant de la marée"
"ros","ros_common","trip_vessel","number_of_active_fishing_days","integer","NO","[EN] Number of days during the trip on which the vessel was actively fishing
[FR] Nombre de jours de la marée pendant lesquels le navire a pratiqué activement la pêche"
"ros","ros_common","trip_vessel","number_of_conducted_fishing_events_with_observer_onboard","integer","NO","[EN] Number of fishing events conducted while an observer was onboard
[FR] Nombre d'événements de pêche réalisés alors qu'un observateur scientifique était à bord"
"ros","ros_common","trip_vessel","number_of_days_in_fishing_area","integer","NO","[EN] Number of days spent in the fishing area
[FR] Nombre de jours passés dans la zone de pêche"
"ros","ros_common","trip_vessel","number_of_days_lost","integer","NO","[EN] Number of days lost during the trip
[FR] Nombre de jours perdus au cours de la marée"
"ros","ros_common","trip_vessel","number_of_days_searching","integer","NO","[EN] Number of days spent searching for fishing opportunities
[FR] Nombre de jours consacrés à la recherche d'occasions de pêche"
"ros","ros_common","trip_vessel","number_of_days_transiting","integer","NO","[EN] Number of days spent transiting during the trip
[FR] Nombre de jours consacrés au transit au cours de la marée"
"ros","ros_common","trip_vessel","number_of_observed_fishing_events","integer","NO","[EN] Number of fishing events observed by the observer
[FR] Nombre d'événements de pêche observés par l'observateur scientifique"
"ros","ros_common","trip_vessel","hull_material_code","character(2)","NO","[EN] Code identifying the material used to construct the vessel hull
[FR] Code identifiant le matériau utilisé pour la construction de la coque du navire"
"ros","ros_common","trip_vessel","number_of_crew","integer","NO","[EN] Number of crew members onboard the vessel
[FR] Nombre de membres d'équipage à bord du navire"
"ros","ros_common","trip_vessel","return_timestamp","timestamp(6) without time zone","NO","[EN] Date and time of vessel return
[FR] Date et heure du retour du navire"
"ros","ros_common","trip_vessel","departure_timestamp","timestamp(6) without time zone","NO","[EN] Date and time of vessel departure
[FR] Date et heure du départ du navire"
"ros","ros_common","trip_vessel","skipper_id","integer","NO","[EN] Identifier of the vessel skipper
[FR] Identifiant du patron du navire"
"ros","ros_common","trip_vessel","fishing_master_id","integer","NO","[EN] Identifier of the fishing master
[FR] Identifiant du responsable des opérations de pêche"
"ros","ros_common","trip_vessel","vessel_id","integer","NO","[EN] Identifier of the vessel
[FR] Identifiant du navire"
"ros","ros_common","trip_vessel","fish_storage_capacity_value","double precision","NO","[EN] Fish storage capacity value of the vessel
[FR] Valeur de la capacité de stockage des poissons du navire"
"ros","ros_common","trip_vessel","fish_storage_capacity_unit","character varying(3)","NO","[EN] Unit of the fish storage capacity
[FR] Unité de la capacité de stockage des poissons"
"ros","ros_common","trip_vessel","loa_value","double precision","NO","[EN] Length overall value of the vessel
[FR] Valeur de la longueur hors tout du navire"
"ros","ros_common","trip_vessel","loa_unit","character varying(3)","NO","[EN] Unit of the length overall
[FR] Unité de la longueur hors tout"
"ros","ros_common","trip_vessel","departure_location_name","character varying(255)","NO","[EN] Name of the vessel departure location
[FR] Nom du lieu de départ du navire"
"ros","ros_common","trip_vessel","departure_latitude","double precision","NO","[EN] Latitude in decimal degrees of the vessel departure location
[FR] Latitude en degrés décimaux du lieu de départ du navire"
"ros","ros_common","trip_vessel","departure_longitude","double precision","NO","[EN] Longitude in decimal degrees of the vessel departure location
[FR] Longitude en degrés décimaux du lieu de départ du navire"
"ros","ros_common","trip_vessel","departure_country_code","character(3)","NO","[EN] Three-letter country code of the vessel departure location
[FR] Code à trois lettres du pays du lieu de départ du navire"
"ros","ros_common","trip_vessel","departure_port_code","character varying(16)","NO","[EN] Code identifying the vessel departure port
[FR] Code identifiant le port de départ du navire"
"ros","ros_common","trip_vessel","return_location_name","character varying(255)","NO","[EN] Name of the vessel return location
[FR] Nom du lieu de retour du navire"
"ros","ros_common","trip_vessel","return_latitude","double precision","NO","[EN] Latitude in decimal degrees of the vessel return location
[FR] Latitude en degrés décimaux du lieu de retour du navire"
"ros","ros_common","trip_vessel","return_longitude","double precision","NO","[EN] Longitude in decimal degrees of the vessel return location
[FR] Longitude en degrés décimaux du lieu de retour du navire"
"ros","ros_common","trip_vessel","return_country_code","character(3)","NO","[EN] Three-letter country code of the vessel return location
[FR] Code à trois lettres du pays du lieu de retour du navire"
"ros","ros_common","trip_vessel","return_port_code","character varying(16)","NO","[EN] Code identifying the vessel return port
[FR] Code identifiant le port de retour du navire"
"ros","ros_common","trip_vessel","autonomy_range_value","double precision","NO","[EN] Autonomy range value of the vessel
[FR] Valeur de l'autonomie du navire"
"ros","ros_common","trip_vessel","autonomy_range_unit","character varying(3)","NO","[EN] Unit of the vessel autonomy range
[FR] Unité de l'autonomie du navire"
"ros","ros_common","trip_vessel","tonnage_value","double precision","NO","[EN] Tonnage value of the vessel
[FR] Valeur du tonnage du navire"
"ros","ros_common","trip_vessel","tonnage_unit","character varying(3)","NO","[EN] Unit of the vessel tonnage
[FR] Unité du tonnage du navire"
"ros","ros_common","trip_vessel","ais","character varying(5)","NO","[EN] Indicates whether the vessel is equipped with an Automatic Identification System (AIS)
[FR] Indique si le navire est équipé d'un système d'identification automatique (AIS)"
"ros","ros_common","trip_vessel","gps","character varying(5)","NO","[EN] Indicates whether the vessel is equipped with a Global Positioning System (GPS)
[FR] Indique si le navire est équipé d'un système de positionnement mondial (GPS)"
"ros","ros_common","trip_vessel","vms","character varying(5)","NO","[EN] Indicates whether the vessel is equipped with a Vessel Monitoring System (VMS)
[FR] Indique si le navire est équipé d'un système de surveillance des navires (SSN)"
"ros","ros_common","trip_vessel","depth_sounder","character varying(5)","NO","[EN] Indicates whether the vessel is equipped with a depth sounder
[FR] Indique si le navire est équipé d'un sondeur"
"ros","ros_common","trip_vessel","doppler_current_meter","character varying(5)","NO","[EN] Indicates whether the vessel is equipped with a Doppler current meter
[FR] Indique si le navire est équipé d'un courantomètre Doppler"
"ros","ros_common","trip_vessel","expendable_bathythermographs","character varying(5)","NO","[EN] Indicates whether the vessel uses expendable bathythermographs (XBT)
[FR] Indique si le navire utilise des bathythermographes non récupérables (XBT)"
"ros","ros_common","trip_vessel","fisheries_information_services","character varying(5)","NO","[EN] Indicates whether the vessel has access to fisheries information services
[FR] Indique si le navire a accès à des services d'information sur les pêches"
"ros","ros_common","trip_vessel","hf_radios","character varying(5)","NO","[EN] Indicates whether the vessel is equipped with high-frequency radios
[FR] Indique si le navire est équipé de radios haute fréquence"
"ros","ros_common","trip_vessel","radars","character varying(5)","NO","[EN] Indicates whether the vessel is equipped with radar systems
[FR] Indique si le navire est équipé de systèmes radar"
"ros","ros_common","trip_vessel","satellite_communication_systems","character varying(5)","NO","[EN] Indicates whether the vessel is equipped with satellite communication systems
[FR] Indique si le navire est équipé de systèmes de communication par satellite"
"ros","ros_common","trip_vessel","sonar","character varying(5)","NO","[EN] Indicates whether the vessel is equipped with sonar
[FR] Indique si le navire est équipé d'un sonar"
"ros","ros_common","trip_vessel","track_plotter","character varying(5)","NO","[EN] Indicates whether the vessel is equipped with a track plotter
[FR] Indique si le navire est équipé d'un traceur de route"
"ros","ros_common","trip_vessel","vhf_radios","character varying(5)","NO","[EN] Indicates whether the vessel is equipped with very-high-frequency radios
[FR] Indique si le navire est équipé de radios à très haute fréquence"
"ros","ros_common","trip_vessel_fish_preservation_method","trip_id","integer","YES","[EN] Identifier of the trip
[FR] Identifiant de la marée"
"ros","ros_common","trip_vessel_fish_preservation_method","fish_preservation_method_code","character(2)","YES","[EN] Code identifying the method used to preserve fish onboard the vessel
[FR] Code identifiant la méthode utilisée pour conserver les poissons à bord du navire"
"ros","ros_common","trip_vessel_fish_storage_type","trip_id","integer","YES","[EN] Identifier of the trip
[FR] Identifiant de la marée"
"ros","ros_common","trip_vessel_fish_storage_type","fish_storage_type_code","character(2)","YES","[EN] Code identifying the type of fish storage used onboard the vessel
[FR] Code identifiant le type de stockage des poissons utilisé à bord du navire"
"ros","ros_common","trip_vessel_main_engines","trip_id","integer","YES","[EN] Identifier of the trip
[FR] Identifiant de la marée"
"ros","ros_common","trip_vessel_main_engines","main_engines_make","character varying(255)","NO","[EN] Make of the vessel main engine
[FR] Marque du moteur principal du navire"
"ros","ros_common","trip_vessel_main_engines","main_engines_value","double precision","YES","[EN] Value of the main engine power
[FR] Valeur de la puissance du moteur principal"
"ros","ros_common","trip_vessel_main_engines","main_engines_unit","character varying(3)","YES","[EN] Unit of the main engine power
[FR] Unité de la puissance du moteur principal"
"ros","ros_common","trip_waste_managements","id","integer","YES","[EN] Unique identifier of the waste management record
[FR] Identifiant unique de l''enregistrement de gestion des déchets"
"ros","ros_common","trip_waste_managements","trip_id","integer","YES","[EN] Identifier of the trip
[FR] Identifiant de la marée"
"ros","ros_common","trip_waste_managements","waste_storage_or_disposal_method_code","character(2)","NO","[EN] Code identifying the method used to store or dispose of the waste
[FR] Code identifiant la méthode utilisée pour stocker ou éliminer les déchets"
"ros","ros_common","trip_waste_managements","waste_category_code","character(2)","NO","[EN] Code identifying the category of waste
[FR] Code identifiant la catégorie de déchets"
"ros","ros_ps","additional_catch_details_on_ssi","id","integer","YES","[EN] Unique identifier of the additional catch details record
[FR] Identifiant unique de l''enregistrement des informations complémentaires sur la capture"
"ros","ros_ps","additional_catch_details_on_ssi","photo_id","character varying(255)","NO","[EN] Identifier of the photo documenting the catch
[FR] Identifiant de la photographie documentant la capture"
"ros","ros_ps","additional_catch_details_on_ssi","gear_interaction_code","character(2)","NO","[EN] Code identifying the interaction of the species with the fishing gear
[FR] Code identifiant l''interaction de l''espèce avec l''engin de pêche"
"ros","ros_ps","additional_catch_details_on_ssi","handling_method_code","character(2)","NO","[EN] Code identifying the handling method used for the catch
[FR] Code identifiant la méthode de manipulation utilisée pour la capture"
"ros","ros_ps","additional_catch_details_on_ssi","brought_on_board","character varying(5)","NO","[EN] Indicates whether the specimen was brought onboard
[FR] Indique si le spécimen a été embarqué à bord"
"ros","ros_ps","additional_catch_details_on_ssi","revival","character varying(5)","NO","[EN] Indicates whether the specimen was revived
[FR] Indique si le spécimen a été réanimé"
"ros","ros_ps","catch_details","id","integer","YES","[EN] Unique identifier of the catch details record
[FR] Identifiant unique de l''enregistrement des détails de la capture"
"ros","ros_ps","catch_details","catch_detail_original_id","character varying(255)","YES",
"ros","ros_ps","catch_details","comments","text","NO",
"ros","ros_ps","catch_details","estimated_catch_in_numbers","integer","NO",
"ros","ros_ps","catch_details","fishing_event_id","integer","YES",
"ros","ros_ps","catch_details","type_of_fate_code","character(2)","YES",
"ros","ros_ps","catch_details","estimated_weight_sampling_method_code","character(2)","NO",
"ros","ros_ps","catch_details","fates_code","character(2)","NO",
"ros","ros_ps","catch_details","species_code","character varying(16)","NO",
"ros","ros_ps","catch_details","estimated_weight_value","double precision","NO",
"ros","ros_ps","catch_details","estimated_weight_unit","character varying(3)","NO",
"ros","ros_ps","catch_details","estimated_weight_type_of_measurement_code","character(2)","NO",
"ros","ros_ps","catch_details","estimated_weight_processing_type_code","character(2)","NO",
"ros","ros_ps","catch_details","estimated_weight_method_code","character(2)","NO",
"ros","ros_ps","cetaceans_whale_shark_sightings","id","integer","YES",
"ros","ros_ps","cetaceans_whale_shark_sightings","number_sighted","integer","NO",
"ros","ros_ps","cetaceans_whale_shark_sightings","setting_operation_id","integer","YES",
"ros","ros_ps","cetaceans_whale_shark_sightings","species_code","character varying(16)","NO",
"ros","ros_ps","cetaceans_whale_shark_sightings","caught_inside_the_net","character varying(5)","NO",
"ros","ros_ps","cetaceans_whale_shark_sightings","sighting_occurred_before_setting","character varying(5)","NO",
"ros","ros_ps","fishing_events","id","integer","YES",
"ros","ros_ps","fishing_events","comments","text","NO",
"ros","ros_ps","fishing_events","event_original_id","character varying(255)","NO",
"ros","ros_ps","fishing_events","setting_operation_id","integer","YES",
"ros","ros_ps","fishing_events","trip_id","integer","YES",
"ros","ros_ps","gear_specifications","id","integer","YES",
"ros","ros_ps","gear_specifications","trip_id","integer","YES",
"ros","ros_ps","gear_specifications","maximum_brail_capacity","double precision","NO",
"ros","ros_ps","gear_specifications","maximum_net_depth_value","double precision","NO",
"ros","ros_ps","gear_specifications","maximum_net_depth_unit","character varying(3)","NO",
"ros","ros_ps","gear_specifications","maximum_net_length_value","double precision","NO",
"ros","ros_ps","gear_specifications","maximum_net_length_unit","character varying(3)","NO",
"ros","ros_ps","gear_specifications","bunt_stretched_mesh_size_value","double precision","NO",
"ros","ros_ps","gear_specifications","bunt_stretched_mesh_size_unit","character varying(3)","NO",
"ros","ros_ps","gear_specifications","mid_net_stretched_mesh_size_value","double precision","NO",
"ros","ros_ps","gear_specifications","mid_net_stretched_mesh_size_unit","character varying(3)","NO",
"ros","ros_ps","gear_specifications","power_block","character varying(5)","NO",
"ros","ros_ps","gear_specifications","purse_winch","character varying(5)","NO",
"ros","ros_ps","object_details","id","integer","YES",
"ros","ros_ps","object_details","buoy_identifier","character varying(255)","NO",
"ros","ros_ps","object_details","fad_raft_design_code","character(2)","NO",
"ros","ros_ps","object_details","fad_tail_design_code","character(2)","NO",
"ros","ros_ps","object_details","equipped_with_artificial_lights_at_deploy","character varying(5)","NO",
"ros","ros_ps","object_details","equipped_with_artificial_lights_on_retrieval","character varying(5)","NO",
"ros","ros_ps","setting_operations","id","integer","YES",
"ros","ros_ps","setting_operations","maximum_closing_net_depth","double precision","NO",
"ros","ros_ps","setting_operations","school_size","double precision","NO",
"ros","ros_ps","setting_operations","start_setting_date_and_time","timestamp(6) without time zone","NO",
"ros","ros_ps","setting_operations","time_end_brailing","timestamp(6) without time zone","NO",
"ros","ros_ps","setting_operations","time_net_pursed","timestamp(6) without time zone","NO",
"ros","ros_ps","setting_operations","time_skiff_onboard","timestamp(6) without time zone","NO",
"ros","ros_ps","setting_operations","time_start_brailing","timestamp(6) without time zone","NO",
"ros","ros_ps","setting_operations","start_setting_latitude","double precision","NO",
"ros","ros_ps","setting_operations","start_setting_longitude","double precision","NO",
"ros","ros_ps","setting_operations","ps_object_detail_id","integer","NO",
"ros","ros_ps","setting_operations","first_school_detection_method_code","character(2)","NO",
"ros","ros_ps","setting_operations_cl_school_sighting_cues","setting_operation_id","integer","YES",
"ros","ros_ps","setting_operations_cl_school_sighting_cues","school_sighting_cue_code","character(2)","YES",
"ros","ros_ps","specimens","id","integer","YES",
"ros","ros_ps","specimens","specimen_original_id","character varying(255)","YES",
"ros","ros_ps","specimens","additional_catch_details_on_ssis_id","integer","NO",
"ros","ros_ps","specimens","additional_specimen_details_non_target_species_id","integer","NO",
"ros","ros_ps","specimens","biometric_information_id","integer","NO",
"ros","ros_ps","specimens","tag_detail_id","integer","NO",
"ros","ros_ps","specimens","catch_detail_id","integer","NO",
"ros","ros_ps","tag_details","id","integer","YES",
"ros","ros_ps","tag_details","alternate_tag_original_id","character varying(255)","NO",
"ros","ros_ps","tag_details","tag_original_id","character varying(255)","NO",
"ros","ros_ps","tag_details","well","integer","NO",
"ros","ros_ps","tag_details","tag_type_code","character(2)","NO",
"ros","ros_ps","tag_details","tag_finder_id","integer","NO",
"ros","ros_ps","tag_details","tag_recovery","character varying(5)","NO",
"ros","ros_ps","tag_details","tag_release","character varying(5)","NO",
"ros","ros_ll","additional_catch_details_on_ssi","id","integer","YES",
"ros","ros_ll","additional_catch_details_on_ssi","bait_type","character varying(255)","NO",
"ros","ros_ll","additional_catch_details_on_ssi","photo_id","character varying(255)","NO",
"ros","ros_ll","additional_catch_details_on_ssi","bait_condition_code","character(2)","NO",
"ros","ros_ll","additional_catch_details_on_ssi","dehooker_device_code","character(2)","NO",
"ros","ros_ll","additional_catch_details_on_ssi","gear_interaction_code","character(2)","NO",
"ros","ros_ll","additional_catch_details_on_ssi","handling_method_code","character(2)","NO",
"ros","ros_ll","additional_catch_details_on_ssi","leader_material_type_code","character(2)","NO",
"ros","ros_ll","additional_catch_details_on_ssi","hook_type_code","character(3)","NO",
"ros","ros_ll","additional_catch_details_on_ssi","leader_thickness_value","double precision","NO",
"ros","ros_ll","additional_catch_details_on_ssi","leader_thickness_unit","character varying(3)","NO",
"ros","ros_ll","additional_catch_details_on_ssi","brought_on_board","character varying(5)","NO",
"ros","ros_ll","additional_catch_details_on_ssi","light_attached_to_branchline","character varying(5)","NO",
"ros","ros_ll","additional_catch_details_on_ssi","revival","character varying(5)","NO",
"ros","ros_ll","baits_by_conditions","id","integer","YES",
"ros","ros_ll","baits_by_conditions","dye_colour","character varying(255)","NO",
"ros","ros_ll","baits_by_conditions","ratio","double precision","NO",
"ros","ros_ll","baits_by_conditions","setting_operation_id","integer","YES",
"ros","ros_ll","baits_by_conditions","bait_condition_code","character(2)","NO",
"ros","ros_ll","baits_by_conditions","species_code","character varying(16)","NO",
"ros","ros_ll","biteoffs_by_branchlines_set","id","integer","YES",
"ros","ros_ll","biteoffs_by_branchlines_set","branchline_configuration_number","integer","NO",
"ros","ros_ll","biteoffs_by_branchlines_set","number_of_biteoffs","integer","NO",
"ros","ros_ll","biteoffs_by_branchlines_set","hauling_operation_id","integer","YES",
"ros","ros_ll","branchline_configurations","id","integer","YES",
"ros","ros_ll","branchline_configurations","configuration_number","integer","NO",
"ros","ros_ll","branchline_configurations","gear_specification_id","integer","YES",
"ros","ros_ll","branchline_configurations_storage","branchline_configuration_id","integer","YES",
"ros","ros_ll","branchline_configurations_storage","branchline_storage_code","character(2)","YES",
"ros","ros_ll","branchline_sections","id","integer","YES",
"ros","ros_ll","branchline_sections","section_number","integer","NO",
"ros","ros_ll","branchline_sections","branchline_configuration_id","integer","YES",
"ros","ros_ll","branchline_sections","branchline_material_type_code","character(2)","NO",
"ros","ros_ll","branchline_sections","diameter_value","double precision","NO",
"ros","ros_ll","branchline_sections","diameter_unit","character varying(3)","NO",
"ros","ros_ll","branchline_sections","length_value","double precision","NO",
"ros","ros_ll","branchline_sections","length_unit","character varying(3)","NO",
"ros","ros_ll","branchlines_set","id","integer","YES",
"ros","ros_ll","branchlines_set","branchline_configuration_number","integer","NO",
"ros","ros_ll","branchlines_set","number_of_branchlines","integer","NO",
"ros","ros_ll","branchlines_set","setting_operation_id","integer","YES",
"ros","ros_ll","catch_details","id","integer","YES",
"ros","ros_ll","catch_details","catch_detail_original_id","character varying(255)","YES",
"ros","ros_ll","catch_details","comments","text","NO",
"ros","ros_ll","catch_details","estimated_catch_in_numbers","integer","NO",
"ros","ros_ll","catch_details","fishing_event_id","integer","NO",
"ros","ros_ll","catch_details","type_of_fate_code","character(2)","NO",
"ros","ros_ll","catch_details","estimated_weight_sampling_method_code","character(2)","NO",
"ros","ros_ll","catch_details","fates_code","character(2)","NO",
"ros","ros_ll","catch_details","species_code","character varying(16)","NO",
"ros","ros_ll","catch_details","estimated_weight_value","double precision","NO",
"ros","ros_ll","catch_details","estimated_weight_unit","character varying(3)","NO",
"ros","ros_ll","catch_details","estimated_weight_type_of_measurement_code","character(2)","NO",
"ros","ros_ll","catch_details","estimated_weight_processing_type_code","character(2)","NO",
"ros","ros_ll","catch_details","estimated_weight_method_code","character(2)","NO",
"ros","ros_ll","fishing_events","id","integer","YES",
"ros","ros_ll","fishing_events","comments","text","NO",
"ros","ros_ll","fishing_events","event_original_id","character varying(255)","NO",
"ros","ros_ll","fishing_events","hauling_operation_id","integer","NO",
"ros","ros_ll","fishing_events","mitigation_measure_id","integer","NO",
"ros","ros_ll","fishing_events","setting_operation_id","integer","NO",
"ros","ros_ll","fishing_events","trip_id","integer","YES",
"ros","ros_ll","floatlines","id","integer","YES",
"ros","ros_ll","floatlines","floatline_number","integer","NO",
"ros","ros_ll","floatlines","setting_operation_id","integer","YES",
"ros","ros_ll","floatlines","floatline_length_value","double precision","NO",
"ros","ros_ll","floatlines","floatline_length_unit","character varying(3)","NO",
"ros","ros_ll","gear_specifications","id","integer","YES",
"ros","ros_ll","gear_specifications","storage","character varying(255)","NO",
"ros","ros_ll","gear_specifications","tori_line_detail_id","integer","NO",
"ros","ros_ll","gear_specifications","trip_id","integer","YES",
"ros","ros_ll","gear_specifications","bait_casting_machine","character varying(5)","NO",
"ros","ros_ll","gear_specifications","line_hauler","character varying(5)","NO",
"ros","ros_ll","gear_specifications","line_setter","character varying(5)","NO",
"ros","ros_ll","gear_specifications_mitigation_device","gear_specification_id","integer","YES",
"ros","ros_ll","gear_specifications_mitigation_device","mitigation_device_code","character(2)","YES",
"ros","ros_ll","hauling_offal_disposal_positions","hauling_operation_id","integer","YES",
"ros","ros_ll","hauling_offal_disposal_positions","offal_disposal_position","character varying(255)","YES",
"ros","ros_ll","hauling_operations","id","integer","YES",
"ros","ros_ll","hauling_operations","end_hauling_date_and_time","timestamp(6) without time zone","NO",
"ros","ros_ll","hauling_operations","number_of_hooks_observed","integer","NO",
"ros","ros_ll","hauling_operations","offal_management","character varying(255)","NO",
"ros","ros_ll","hauling_operations","start_hauling_date_and_time","timestamp(6) without time zone","NO",
"ros","ros_ll","hauling_operations","end_hauling_latitude","double precision","NO",
"ros","ros_ll","hauling_operations","end_hauling_longitude","double precision","NO",
"ros","ros_ll","hauling_operations","start_hauling_latitude","double precision","NO",
"ros","ros_ll","hauling_operations","start_hauling_longitude","double precision","NO",
"ros","ros_ll","hauling_operations","sampling_protocol_code","character(2)","NO",
"ros","ros_ll","hauling_operations","bird_scaring_device_at_hauler","character varying(5)","NO",
"ros","ros_ll","hooks_by_type","id","integer","YES",
"ros","ros_ll","hooks_by_type","percentage_of_set","double precision","NO",
"ros","ros_ll","hooks_by_type","variations","character varying(255)","NO",
"ros","ros_ll","hooks_by_type","setting_operation_id","integer","YES",
"ros","ros_ll","hooks_by_type","hook_type_code","character(3)","NO",
"ros","ros_ll","leader_set","id","integer","YES",
"ros","ros_ll","leader_set","setting_operation_id","integer","YES",
"ros","ros_ll","leader_set","leader_material_type_code","character(2)","YES",
"ros","ros_ll","leader_set","percentage_of_branchline","double precision","YES",
"ros","ros_ll","leader_set","total_branchline_minimum_length_value","double precision","YES",
"ros","ros_ll","leader_set","total_branchline_minimum_length_unit","character varying(3)","YES",
"ros","ros_ll","leader_set","total_branchline_maximum_length_value","double precision","YES",
"ros","ros_ll","leader_set","total_branchline_maximum_length_unit","character varying(3)","YES",
"ros","ros_ll","lights_by_type_and_colour","id","integer","YES",
"ros","ros_ll","lights_by_type_and_colour","number_of_lights_by_type_and_colour","integer","NO",
"ros","ros_ll","lights_by_type_and_colour","setting_operation_id","integer","YES",
"ros","ros_ll","lights_by_type_and_colour","light_colour_code","character(2)","NO",
"ros","ros_ll","lights_by_type_and_colour","light_type_code","character(2)","NO",
"ros","ros_ll","mitigation_measures","id","integer","YES",
"ros","ros_ll","mitigation_measures","number_of_tori_lines_deployed","integer","NO",
"ros","ros_ll","mitigation_measures","percentage_of_branchlines_weighted","double precision","NO",
"ros","ros_ll","mitigation_measures","hook_sinker_distance_value","double precision","NO",
"ros","ros_ll","mitigation_measures","hook_sinker_distance_unit","character varying(3)","NO",
"ros","ros_ll","mitigation_measures","average_sinker_weight_value","double precision","NO",
"ros","ros_ll","mitigation_measures","average_sinker_weight_unit","character varying(3)","NO",
"ros","ros_ll","mitigation_measures","branchline_weighted","character varying(5)","NO",
"ros","ros_ll","mitigation_measures","hooks_set_between_dusk_and_dawn","character varying(5)","NO",
"ros","ros_ll","mitigation_measures","minimum_deck_lighting_used","character varying(5)","NO",
"ros","ros_ll","mitigation_measures","hooks_pods","character varying(5)","NO",
"ros","ros_ll","mitigation_measures_mitigation_devices","mitigation_measure_id","integer","YES",
"ros","ros_ll","mitigation_measures_mitigation_devices","mitigation_device_code","character(2)","YES",
"ros","ros_ll","setting_operations","id","integer","YES",
"ros","ros_ll","setting_operations","branchline_clip_on_time","double precision","NO",
"ros","ros_ll","setting_operations","buoys_clip_on_time","double precision","NO",
"ros","ros_ll","setting_operations","distance_between_branchlines","double precision","NO",
"ros","ros_ll","setting_operations","end_setting_date_and_time","timestamp(6) without time zone","NO",
"ros","ros_ll","setting_operations","number_of_hooks_set_between_floats","integer","NO",
"ros","ros_ll","setting_operations","number_of_shark_lines_set","integer","NO",
"ros","ros_ll","setting_operations","start_setting_date_and_time","timestamp(6) without time zone","NO",
"ros","ros_ll","setting_operations","total_number_of_floats_set","integer","NO",
"ros","ros_ll","setting_operations","total_number_of_hooks_set","integer","NO",
"ros","ros_ll","setting_operations","total_radio_dhan_buoys_set","integer","NO",
"ros","ros_ll","setting_operations","end_setting_latitude","double precision","NO",
"ros","ros_ll","setting_operations","end_setting_longitude","double precision","NO",
"ros","ros_ll","setting_operations","start_setting_latitude","double precision","NO",
"ros","ros_ll","setting_operations","start_setting_longitude","double precision","NO",
"ros","ros_ll","setting_operations","mainline_set_length_value","double precision","NO",
"ros","ros_ll","setting_operations","mainline_set_length_unit","character varying(3)","NO",
"ros","ros_ll","setting_operations","vessel_speed_value","double precision","NO",
"ros","ros_ll","setting_operations","vessel_speed_unit","character varying(3)","NO",
"ros","ros_ll","setting_operations","line_setter_speed_value","double precision","NO",
"ros","ros_ll","setting_operations","line_setter_speed_unit","character varying(3)","NO",
"ros","ros_ll","setting_operations","shark_lines_set","character varying(5)","NO",
"ros","ros_ll","setting_operations_target_species","setting_operation_id","integer","YES",
"ros","ros_ll","setting_operations_target_species","target_species_code","character varying(16)","YES",
"ros","ros_ll","specimens","id","integer","YES",
"ros","ros_ll","specimens","sampling_period","character varying(255)","NO",
"ros","ros_ll","specimens","specimen_original_id","character varying(255)","YES",
"ros","ros_ll","specimens","additional_catch_details_on_ssis_id","integer","NO",
"ros","ros_ll","specimens","additional_specimen_details_non_target_species_id","integer","NO",
"ros","ros_ll","specimens","biometric_information_id","integer","NO",
"ros","ros_ll","specimens","depredation_detail_id","integer","NO",
"ros","ros_ll","specimens","tag_detail_id","integer","NO",
"ros","ros_ll","specimens","catch_detail_id","integer","NO",
"ros","ros_ll","tag_details","id","integer","YES",
"ros","ros_ll","tag_details","alternate_tag_original_id","character varying(255)","NO",
"ros","ros_ll","tag_details","tag_original_id","character varying(255)","NO",
"ros","ros_ll","tag_details","tag_type_code","character(2)","NO",
"ros","ros_ll","tag_details","tag_finder_id","integer","NO",
"ros","ros_ll","tag_details","tag_recovery","character varying(5)","NO",
"ros","ros_ll","tag_details","tag_release","character varying(5)","NO",
"ros","ros_ll","tori_line_details","id","integer","YES",
"ros","ros_ll","tori_line_details","number_of_streamers_per_line","integer","NO",
"ros","ros_ll","tori_line_details","streamer_type","character varying(255)","NO",
"ros","ros_ll","tori_line_details","towed_objects_number","integer","NO",
"ros","ros_ll","tori_line_details","towed_objects_type","character varying(255)","NO",
"ros","ros_ll","tori_line_details","streamer_distance_value","double precision","NO",
"ros","ros_ll","tori_line_details","streamer_distance_unit","character varying(3)","NO",
"ros","ros_ll","tori_line_details","attached_height_value","double precision","NO",
"ros","ros_ll","tori_line_details","attached_height_unit","character varying(3)","NO",
"ros","ros_ll","tori_line_details","tori_line_length_value","double precision","NO",
"ros","ros_ll","tori_line_details","tori_line_length_unit","character varying(3)","NO",
"ros","ros_ll","tori_line_details","streamer_line_length_max_value","double precision","NO",
"ros","ros_ll","tori_line_details","streamer_line_length_max_unit","character varying(3)","NO",
"ros","ros_ll","tori_line_details","streamer_line_length_min_value","double precision","NO",
"ros","ros_ll","tori_line_details","streamer_line_length_min_unit","character varying(3)","NO",
"ros","ros_ll","tori_line_details","streamers_reach_surface","character varying(5)","NO",
"ros","ros_pl","additional_catch_details_on_ssi","id","integer","YES",
"ros","ros_pl","additional_catch_details_on_ssi","photo_id","character varying(255)","NO",
"ros","ros_pl","additional_catch_details_on_ssi","gear_interaction_code","character(2)","NO",
"ros","ros_pl","additional_catch_details_on_ssi","handling_method_code","character(2)","NO",
"ros","ros_pl","additional_catch_details_on_ssi","brought_on_board","character varying(5)","NO",
"ros","ros_pl","additional_catch_details_on_ssi","revival","character varying(5)","NO",
"ros","ros_pl","bait_fishing_event_pl_catch_detail","bait_fishing_event_id","integer","YES",
"ros","ros_pl","bait_fishing_events","id","integer","YES",
"ros","ros_pl","bait_fishing_events","comments","text","NO",
"ros","ros_pl","bait_fishing_events","event_original_id","character varying(255)","NO",
"ros","ros_pl","bait_fishing_events","bait_fishing_operation_id","integer","NO",
"ros","ros_pl","bait_fishing_events","trip_id","integer","YES",
"ros","ros_pl","bait_fishing_operations","id","integer","YES",
"ros","ros_pl","bait_fishing_operations","end_event_date_and_time","timestamp(6) without time zone","NO",
"ros","ros_pl","bait_fishing_operations","number_of_fishers","integer","NO",
"ros","ros_pl","bait_fishing_operations","start_event_date_and_time","timestamp(6) without time zone","NO",
"ros","ros_pl","bait_fishing_operations","start_event_latitude","double precision","NO",
"ros","ros_pl","bait_fishing_operations","start_event_longitude","double precision","NO",
"ros","ros_pl","bait_fishing_operations","bait_fishing_method_code","character(2)","NO",
"ros","ros_pl","bait_fishing_operations","sampling_protocol_code","character(2)","NO",
"ros","ros_pl","bait_fishing_operations","event_depth_value","double precision","NO",
"ros","ros_pl","bait_fishing_operations","event_depth_unit","character varying(3)","NO",
"ros","ros_pl","baits_and_conditions","id","integer","YES",
"ros","ros_pl","baits_and_conditions","bait_condition_code","character(2)","NO",
"ros","ros_pl","baits_and_conditions","species_code","character varying(16)","NO",
"ros","ros_pl","catch_details","id","integer","YES",
"ros","ros_pl","catch_details","comments","text","NO",
"ros","ros_pl","catch_details","estimated_catch_in_numbers","integer","NO",
"ros","ros_pl","catch_details","type_of_fate_code","character(2)","YES",
"ros","ros_pl","catch_details","estimated_weight_sampling_method_code","character(2)","NO",
"ros","ros_pl","catch_details","fates_code","character(2)","NO",
"ros","ros_pl","catch_details","species_code","character varying(16)","NO",
"ros","ros_pl","catch_details","estimated_weight_value","double precision","NO",
"ros","ros_pl","catch_details","estimated_weight_unit","character varying(3)","NO",
"ros","ros_pl","catch_details","estimated_weight_type_of_measurement_code","character(2)","NO",
"ros","ros_pl","catch_details","estimated_weight_processing_type_code","character(2)","NO",
"ros","ros_pl","catch_details","estimated_weight_method_code","character(2)","NO",
"ros","ros_pl","gear_specifications","id","integer","YES",
"ros","ros_pl","gear_specifications","trip_id","integer","YES",
"ros","ros_pl","gear_specifications","live_bait_tanks_capacity","double precision","NO",
"ros","ros_pl","gear_specifications","number_of_automatic_poles","integer","NO",
"ros","ros_pl","gear_specifications","number_of_anglers","integer","NO",
"ros","ros_pl","gear_specifications","pole_material","character varying(255)","NO",
"ros","ros_pl","gear_specifications","pole_material_description","text","NO",
"ros","ros_pl","gear_specifications","hook_type_code","character(3)","NO",
"ros","ros_pl","lures_or_jiggers_by_type","id","integer","YES",
"ros","ros_pl","lures_or_jiggers_by_type","lure_type","character varying(255)","NO",
"ros","ros_pl","lures_or_jiggers_by_type","make","character varying(255)","NO",
"ros","ros_pl","lures_or_jiggers_by_type","hook_type_code","character(3)","NO",
"ros","ros_pl","lures_or_jiggers_by_type","gear_specification_id","integer","YES",
"ros","ros_pl","object_details","id","integer","YES",
"ros","ros_pl","object_details","buoy_identifier","character varying(255)","NO",
"ros","ros_pl","specimens","id","integer","YES",
"ros","ros_pl","specimens","specimen_original_id","character varying(255)","YES",
"ros","ros_pl","specimens","additional_catch_details_on_ssis_id","integer","NO",
"ros","ros_pl","specimens","additional_specimen_details_non_target_species_id","integer","NO",
"ros","ros_pl","specimens","biometric_information_id","integer","NO",
"ros","ros_pl","specimens","depredation_detail_id","integer","NO",
"ros","ros_pl","specimens","tag_detail_id","integer","NO",
"ros","ros_pl","specimens","catch_detail_id","integer","YES",
"ros","ros_pl","tag_details","id","integer","YES",
"ros","ros_pl","tag_details","alternate_tag_original_id","character varying(255)","NO",
"ros","ros_pl","tag_details","tag_original_id","character varying(255)","NO",
"ros","ros_pl","tag_details","tag_type_code","character(2)","NO",
"ros","ros_pl","tag_details","tag_finder_id","integer","NO",
"ros","ros_pl","tag_details","tag_recovery","character varying(5)","NO",
"ros","ros_pl","tag_details","tag_release","character varying(5)","NO",
"ros","ros_pl","tuna_fishing_event_pl_catch_detail","tuna_fishing_event_id","integer","YES",
"ros","ros_pl","tuna_fishing_event_pl_catch_detail","catch_detail_id","integer","YES",
"ros","ros_pl","tuna_fishing_events","id","integer","YES",
"ros","ros_pl","tuna_fishing_events","comments","text","NO",
"ros","ros_pl","tuna_fishing_events","event_original_id","character varying(255)","NO",
"ros","ros_pl","tuna_fishing_events","object_detail_id","integer","NO",
"ros","ros_pl","tuna_fishing_events","tuna_fishing_operation_id","integer","NO",
"ros","ros_pl","tuna_fishing_events","trip_id","integer","YES",
"ros","ros_pl","tuna_fishing_operations","id","integer","YES",
"ros","ros_pl","tuna_fishing_operations","end_event_date_and_time","timestamp(6) without time zone","NO",
"ros","ros_pl","tuna_fishing_operations","maximum_lines_fishing_at_the_same_time","integer","NO",
"ros","ros_pl","tuna_fishing_operations","number_of_hooks_lost","integer","NO",
"ros","ros_pl","tuna_fishing_operations","start_event_date_and_time","timestamp(6) without time zone","NO",
"ros","ros_pl","tuna_fishing_operations","weight_of_bait_used","double precision","NO",
"ros","ros_pl","tuna_fishing_operations","start_event_latitude","double precision","NO",
"ros","ros_pl","tuna_fishing_operations","start_event_longitude","double precision","NO",
"ros","ros_pl","tuna_fishing_operations","bait_and_condition_id","integer","NO",
"ros","ros_pl","tuna_fishing_operations","bait_used","character varying(5)","NO",
"ros","ros_pl","tuna_fishing_operations_cl_school_sighting_cues","fishing_operation_id","integer","YES",
"ros","ros_pl","tuna_fishing_operations_cl_school_sighting_cues","school_sighting_cue_code","character(2)","YES",
"ros","ros_pl","tuna_fishing_operations_target_species","tuna_fishing_operation_id","integer","YES",
"ros","ros_pl","tuna_fishing_operations_target_species","target_species_code","character varying(16)","YES",
"ros","ros_gn","additional_catch_details_on_ssi","id","integer","YES",
"ros","ros_gn","additional_catch_details_on_ssi","photo_id","character varying(255)","NO",
"ros","ros_gn","additional_catch_details_on_ssi","gear_interaction_code","character(2)","NO",
"ros","ros_gn","additional_catch_details_on_ssi","handling_method_code","character(2)","NO",
"ros","ros_gn","additional_catch_details_on_ssi","brought_on_board","character varying(5)","NO",
"ros","ros_gn","additional_catch_details_on_ssi","revival","character varying(5)","NO",
"ros","ros_gn","catch_details","id","integer","YES",
"ros","ros_gn","catch_details","catch_detail_original_id","character varying(255)","YES",
"ros","ros_gn","catch_details","comments","text","NO",
"ros","ros_gn","catch_details","estimated_catch_in_numbers","integer","NO",
"ros","ros_gn","catch_details","fishing_event_id","integer","NO",
"ros","ros_gn","catch_details","type_of_fate_code","character(2)","YES",
"ros","ros_gn","catch_details","estimated_weight_sampling_method_code","character(2)","NO",
"ros","ros_gn","catch_details","fates_code","character(2)","NO",
"ros","ros_gn","catch_details","species_code","character varying(16)","NO",
"ros","ros_gn","catch_details","estimated_weight_value","double precision","NO",
"ros","ros_gn","catch_details","estimated_weight_unit","character varying(3)","NO",
"ros","ros_gn","catch_details","estimated_weight_type_of_measurement_code","character(2)","NO",
"ros","ros_gn","catch_details","estimated_weight_processing_type_code","character(2)","NO",
"ros","ros_gn","catch_details","estimated_weight_method_code","character(2)","NO",
"ros","ros_gn","fishing_events","id","integer","YES",
"ros","ros_gn","fishing_events","comments","text","NO",
"ros","ros_gn","fishing_events","event_original_id","character varying(255)","NO",
"ros","ros_gn","fishing_events","hauling_operation_id","integer","NO",
"ros","ros_gn","fishing_events","mitigation_measure_id","integer","NO",
"ros","ros_gn","fishing_events","setting_operation_id","integer","NO",
"ros","ros_gn","fishing_events","trip_id","integer","YES",
"ros","ros_gn","gear_specifications","id","integer","YES",
"ros","ros_gn","gear_specifications","trip_id","integer","YES",
"ros","ros_gn","gear_specifications","net_drum_hauler","character varying(5)","NO",
"ros","ros_gn","gillnet_configuration","id","integer","YES",
"ros","ros_gn","gillnet_configuration","gillnet_sequential_original_id","character varying(255)","NO",
"ros","ros_gn","gillnet_configuration","hanging_ratio","double precision","NO",
"ros","ros_gn","gillnet_configuration","number_of_floats","integer","NO",
"ros","ros_gn","gillnet_configuration","total_number_of_panels","integer","NO",
"ros","ros_gn","gillnet_configuration","vertical_mesh_count","integer","NO",
"ros","ros_gn","gillnet_configuration","gillnet_configuration_id","integer","NO",
"ros","ros_gn","gillnet_configuration","float_type_code","character(2)","NO",
"ros","ros_gn","gillnet_configuration","gillnet_material_type_code","character(2)","NO",
"ros","ros_gn","gillnet_configuration","net_depth_value","double precision","NO",
"ros","ros_gn","gillnet_configuration","net_depth_unit","character varying(3)","NO",
"ros","ros_gn","gillnet_configuration","distance_between_floats_value","double precision","NO",
"ros","ros_gn","gillnet_configuration","distance_between_floats_unit","character varying(3)","NO",
"ros","ros_gn","gillnet_configuration","droplines_length_value","double precision","NO",
"ros","ros_gn","gillnet_configuration","droplines_length_unit","character varying(3)","NO",
"ros","ros_gn","gillnet_configuration","net_length_value","double precision","NO",
"ros","ros_gn","gillnet_configuration","net_length_unit","character varying(3)","NO",
"ros","ros_gn","gillnet_configuration","droplines_used","character varying(5)","NO",
"ros","ros_gn","gillnet_configuration","panels_stacked","character varying(5)","NO",
"ros","ros_gn","gillnet_configuration_net_web_colours","gillnet_configuration_id_nwc","integer","YES",
"ros","ros_gn","gillnet_configuration_net_web_colours","net_colour_code","character(2)","YES",
"ros","ros_gn","gillnet_configuration_stretched_mesh_sizes","gillnet_configuration_id_sms","integer","YES",
"ros","ros_gn","gillnet_configuration_stretched_mesh_sizes","stretched_mesh_size_value","double precision","YES",
"ros","ros_gn","gillnet_configuration_stretched_mesh_sizes","stretched_mesh_size_unit","character varying(3)","YES",
"ros","ros_gn","hauling_operations","id","integer","YES",
"ros","ros_gn","hauling_operations","end_hauling_date_and_time","timestamp(6) without time zone","NO",
"ros","ros_gn","hauling_operations","number_of_net_panels_observed","integer","NO",
"ros","ros_gn","hauling_operations","number_of_net_panels_retrieved","integer","NO",
"ros","ros_gn","hauling_operations","start_hauling_date_and_time","timestamp(6) without time zone","NO",
"ros","ros_gn","hauling_operations","end_hauling_latitude","double precision","NO",
"ros","ros_gn","hauling_operations","end_hauling_longitude","double precision","NO",
"ros","ros_gn","hauling_operations","start_hauling_latitude","double precision","NO",
"ros","ros_gn","hauling_operations","start_hauling_longitude","double precision","NO",
"ros","ros_gn","hauling_operations","net_condition_code","character(2)","NO",
"ros","ros_gn","hauling_operations","sampling_protocol_code","character(2)","NO",
"ros","ros_gn","mitigation_measures","id","integer","YES",
"ros","ros_gn","mitigation_measures","mitigation_measures","character varying(5)","NO",
"ros","ros_gn","mitigation_measures_mitigation_devices","mitigation_measure_id","integer","YES",
"ros","ros_gn","mitigation_measures_mitigation_devices","mitigation_device_code","character(2)","YES",
"ros","ros_gn","setting_operations","id","integer","YES",
"ros","ros_gn","setting_operations","end_setting_date_and_time","timestamp(6) without time zone","NO",
"ros","ros_gn","setting_operations","gillnet_sequential_original_id","integer","NO",
"ros","ros_gn","setting_operations","start_setting_date_and_time","timestamp(6) without time zone","NO",
"ros","ros_gn","setting_operations","vessel_speed","double precision","NO",
"ros","ros_gn","setting_operations","end_setting_latitude","double precision","NO",
"ros","ros_gn","setting_operations","end_setting_longitude","double precision","NO",
"ros","ros_gn","setting_operations","start_setting_latitude","double precision","NO",
"ros","ros_gn","setting_operations","start_setting_longitude","double precision","NO",
"ros","ros_gn","setting_operations","net_configuration_code","character(2)","NO",
"ros","ros_gn","setting_operations","net_deploy_depth_code","character(2)","NO",
"ros","ros_gn","setting_operations","net_setting_strategy_code","character(2)","NO",
"ros","ros_gn","sinkers_by_type","id","integer","YES",
"ros","ros_gn","sinkers_by_type","number","integer","NO",
"ros","ros_gn","sinkers_by_type","gillnet_configuration_id","integer","NO",
"ros","ros_gn","sinkers_by_type","sinker_material_type_code","character(2)","NO",
"ros","ros_gn","sinkers_by_type","average_sinker_weight_value","double precision","NO",
"ros","ros_gn","sinkers_by_type","average_sinker_weight_unit","character varying(3)","NO",
"ros","ros_gn","specimens","id","integer","YES",
"ros","ros_gn","specimens","specimen_original_id","character varying(255)","YES",
"ros","ros_gn","specimens","additional_catch_details_on_ssis_id","integer","NO",
"ros","ros_gn","specimens","additional_specimen_details_non_target_species_id","integer","NO",
"ros","ros_gn","specimens","biometric_information_id","integer","NO",
"ros","ros_gn","specimens","depredation_detail_id","integer","NO",
"ros","ros_gn","specimens","tag_detail_id","integer","NO",
"ros","ros_gn","specimens","catch_detail_id","integer","NO",
"ros","ros_gn","tag_details","id","integer","YES",
"ros","ros_gn","tag_details","alternate_tag_original_id","character varying(255)","NO",
"ros","ros_gn","tag_details","tag_original_id","character varying(255)","NO",
"ros","ros_gn","tag_details","tag_type_code","character(2)","NO",
"ros","ros_gn","tag_details","tag_finder_id","integer","NO",
"ros","ros_gn","tag_details","tag_recovery","character varying(5)","NO",
"ros","ros_gn","tag_details","tag_release","character varying(5)","NO",
"ros","refs_admin","countries","code","character(3)","YES",
"ros","refs_admin","countries","code_iso2","character(2)","YES",
"ros","refs_admin","countries","code_iso3","character(3)","YES",
"ros","refs_admin","countries","nocs_category","character varying(255)","YES",
"ros","refs_admin","countries","name_en","character varying(255)","YES",
"ros","refs_admin","countries","name_fr","character varying(255)","YES",
"ros","refs_admin","countries","description_en","character varying(4096)","YES",
"ros","refs_admin","countries","description_fr","character varying(4096)","YES",
"ros","refs_admin","cpc_history","cpc_code","character varying(4)","YES",
"ros","refs_admin","cpc_history","contracting_party","smallint","YES",
"ros","refs_admin","cpc_history","acceptance_date","date","YES",
"ros","refs_admin","cpc_history","withdrawal_date","date","NO",
"ros","refs_admin","cpc_to_flags","cpc_code","character varying(4)","YES",
"ros","refs_admin","cpc_to_flags","flag_code","character(3)","YES",
"ros","refs_admin","cpcs","code","character varying(4)","YES",
"ros","refs_admin","cpcs","name_en","character varying(255)","YES",
"ros","refs_admin","cpcs","name_fr","character varying(255)","YES",
"ros","refs_admin","cpcs","is_coastal","smallint","YES",
"ros","refs_admin","cpcs","is_sids","smallint","YES",
"ros","refs_admin","entities","code","character varying(4)","YES",
"ros","refs_admin","entities","code_iso2","character(2)","NO",
"ros","refs_admin","entities","code_iso3","character(3)","NO",
"ros","refs_admin","entities","nocs_category","character varying(255)","YES",
"ros","refs_admin","entities","name_en","character varying(255)","YES",
"ros","refs_admin","entities","name_fr","character varying(255)","YES",
"ros","refs_admin","entities","description_en","character varying(4096)","YES",
"ros","refs_admin","entities","description_fr","character varying(4096)","YES",
"ros","refs_admin","fleet_to_flags_and_fisheries","fleet_code","character varying(7)","YES",
"ros","refs_admin","fleet_to_flags_and_fisheries","reporting_entity_code","character varying(4)","YES",
"ros","refs_admin","fleet_to_flags_and_fisheries","flag_code","character varying(4)","YES",
"ros","refs_admin","fleet_to_flags_and_fisheries","iotc_main_area_code","character varying(32)","NO",
"ros","refs_admin","fleet_to_flags_and_fisheries","fishery_type_code","character(2)","NO",
"ros","refs_admin","fleet_to_flags_and_fisheries","gear_category_code","character(2)","NO",
"ros","refs_admin","fleet_to_flags_and_fisheries","gear_code","character varying(16)","NO",
"ros","refs_admin","fleet_to_flags_and_fisheries","gear_configuration_code","character(2)","NO",
"ros","refs_admin","fleet_to_flags_and_fisheries","fishing_mode_code","character(2)","NO",
"ros","refs_admin","fleet_to_flags_and_fisheries","target_species_code","character(2)","NO",
"ros","refs_admin","fleet_to_flags_and_fisheries","from_year","integer","NO",
"ros","refs_admin","fleet_to_flags_and_fisheries","to_year","integer","NO",
"ros","refs_admin","fleet_to_flags_and_fisheries","id","bigint","YES",
"ros","refs_admin","fleets","code","character varying(7)","YES",
"ros","refs_admin","fleets","name_en","character varying(100)","YES",
"ros","refs_admin","fleets","name_fr","character varying(100)","YES",
"ros","refs_admin","fleets","cpc_code","character varying(4)","NO",
"ros","refs_admin","fleets","description_fr","character varying(4096)","YES",
"ros","refs_admin","fleets","description_en","character varying(4096)","YES",
"ros","refs_admin","ports","code","character varying(16)","YES",
"ros","refs_admin","ports","country_code","character varying(16)","YES",
"ros","refs_admin","ports","name_en","character varying(255)","YES",
"ros","refs_admin","ports","name_fr","character varying(255)","NO",
"ros","refs_admin","ports","lat","double precision","NO",
"ros","refs_admin","ports","lon","double precision","NO",
"ros","refs_admin","ports","point","geography","NO",
"ros","refs_admin","species_reporting_requirements","gear_group_code","character(2)","YES",
"ros","refs_admin","species_reporting_requirements","species_code","character varying(16)","YES",
"ros","refs_admin","species_reporting_requirements","rav_retention_ban","smallint","YES",
"ros","refs_biology","bait_conditions","code","character(2)","YES",
"ros","refs_biology","bait_conditions","code_orig","character(3)","YES",
"ros","refs_biology","bait_conditions","name_en","character varying(255)","YES",
"ros","refs_biology","bait_conditions","name_fr","character varying(255)","YES",
"ros","refs_biology","fates","type_of_fate_code","character(2)","YES",
"ros","refs_biology","fates","code","character(2)","YES",
"ros","refs_biology","fates","name_en","character varying(255)","YES",
"ros","refs_biology","fates","name_fr","character varying(255)","YES",
"ros","refs_biology","fates","description_fr","character varying(4096)","YES",
"ros","refs_biology","fates","description_en","character varying(4096)","YES",
"ros","refs_biology","fates","code_orig","character(3)","YES",
"ros","refs_biology","gear_interactions","code","character(2)","YES",
"ros","refs_biology","gear_interactions","name_en","character varying(255)","YES",
"ros","refs_biology","gear_interactions","name_fr","character varying(255)","YES",
"ros","refs_biology","gear_interactions","description_fr","character varying(4096)","YES",
"ros","refs_biology","gear_interactions","description_en","character varying(4096)","YES",
"ros","refs_biology","handling_methods","code","character(2)","YES",
"ros","refs_biology","handling_methods","code_orig","character(2)","YES",
"ros","refs_biology","handling_methods","name_en","character varying(255)","YES",
"ros","refs_biology","handling_methods","name_fr","character varying(255)","YES",
"ros","refs_biology","handling_methods","description_fr","character varying(4096)","YES",
"ros","refs_biology","handling_methods","description_en","character varying(4096)","YES",
"ros","refs_biology","incidental_captures_conditions","code","character varying(3)","YES",
"ros","refs_biology","incidental_captures_conditions","name_en","character varying(512)","YES",
"ros","refs_biology","incidental_captures_conditions","name_fr","character varying(512)","YES",
"ros","refs_biology","incidental_captures_conditions","description_fr","character varying(4096)","YES",
"ros","refs_biology","incidental_captures_conditions","description_en","character varying(4096)","YES",
"ros","refs_biology","measurement_tools","type_of_measurement_code","character(2)","YES",
"ros","refs_biology","measurement_tools","code","character(2)","YES",
"ros","refs_biology","measurement_tools","name_en","character varying(255)","YES",
"ros","refs_biology","measurement_tools","name_fr","character varying(255)","YES",
"ros","refs_biology","measurement_tools","description_fr","character varying(4096)","YES",
"ros","refs_biology","measurement_tools","description_en","character varying(4096)","YES",
"ros","refs_biology","measurements","type_of_measurement_code","character(2)","YES",
"ros","refs_biology","measurements","code","character(2)","YES",
"ros","refs_biology","measurements","name_en","character varying(255)","YES",
"ros","refs_biology","measurements","description_en","character varying(255)","YES",
"ros","refs_biology","measurements","name_fr","character varying(255)","YES",
"ros","refs_biology","measurements","description_fr","character varying(255)","YES",
"ros","refs_biology","measurements","code_orig","character(3)","YES",
"ros","refs_biology","recommended_measurements","species_code","character varying(16)","YES",
"ros","refs_biology","recommended_measurements","type_of_measurement_code","character(2)","YES",
"ros","refs_biology","recommended_measurements","measurement_code","character(2)","YES",
"ros","refs_biology","recommended_measurements","default_measurement_interval","smallint","YES",
"ros","refs_biology","recommended_measurements","max_measurement_interval","smallint","YES",
"ros","refs_biology","recommended_measurements","min_measurement","smallint","YES",
"ros","refs_biology","recommended_measurements","max_measurement","smallint","YES",
"ros","refs_biology","sampling_methods_for_catch_estimation","code","character(2)","YES",
"ros","refs_biology","sampling_methods_for_catch_estimation","code_orig","character(3)","YES",
"ros","refs_biology","sampling_methods_for_catch_estimation","name_en","character varying(255)","YES",
"ros","refs_biology","sampling_methods_for_catch_estimation","name_fr","character varying(255)","YES",
"ros","refs_biology","sampling_methods_for_catch_estimation","description_fr","character varying(4096)","YES",
"ros","refs_biology","sampling_methods_for_catch_estimation","description_en","character varying(4096)","YES",
"ros","refs_biology","sampling_methods_for_sampling_collections","code","character(2)","YES",
"ros","refs_biology","sampling_methods_for_sampling_collections","code_orig","character(3)","YES",
"ros","refs_biology","sampling_methods_for_sampling_collections","name_en","character varying(255)","YES",
"ros","refs_biology","sampling_methods_for_sampling_collections","name_fr","character varying(255)","YES",
"ros","refs_biology","sampling_methods_for_sampling_collections","description_fr","character varying(4096)","YES",
"ros","refs_biology","sampling_methods_for_sampling_collections","description_en","character varying(4096)","YES",
"ros","refs_biology","sampling_protocols","code","character(2)","YES",
"ros","refs_biology","sampling_protocols","code_orig","character varying(3)","YES",
"ros","refs_biology","sampling_protocols","name_en","character varying(255)","YES",
"ros","refs_biology","sampling_protocols","name_fr","character varying(255)","YES",
"ros","refs_biology","sampling_protocols","description_fr","character varying(4096)","YES",
"ros","refs_biology","sampling_protocols","description_en","character varying(4096)","YES",
"ros","refs_biology","scars","code","character varying(3)","YES",
"ros","refs_biology","scars","name_en","character varying(512)","YES",
"ros","refs_biology","scars","name_fr","character varying(512)","YES",
"ros","refs_biology","scars","description_fr","character varying(4096)","YES",
"ros","refs_biology","scars","description_en","character varying(4096)","YES",
"ros","refs_biology","sex","code","character(1)","YES",
"ros","refs_biology","sex","name_en","character varying(255)","YES",
"ros","refs_biology","sex","name_fr","character varying(255)","YES",
"ros","refs_biology","sex","is_determined","smallint","YES",
"ros","refs_biology","sex","code_orig","character(3)","YES",
"ros","refs_biology","species","code","character varying(16)","YES",
"ros","refs_biology","species","name_en","character varying(255)","NO",
"ros","refs_biology","species","name_fr","character varying(255)","NO",
"ros","refs_biology","species","name_scientific","character varying(255)","NO",
"ros","refs_biology","species","species_group_code","character varying(16)","YES",
"ros","refs_biology","species","species_category_code","character varying(16)","YES",
"ros","refs_biology","species","species_family","character varying(64)","NO",
"ros","refs_biology","species","species_order","character varying(64)","NO",
"ros","refs_biology","species","is_iotc","smallint","YES",
"ros","refs_biology","species","is_target","smallint","NO",
"ros","refs_biology","species","is_ssi","smallint","YES",
"ros","refs_biology","species","is_predator","smallint","NO",
"ros","refs_biology","species","is_bait","smallint","YES",
"ros","refs_biology","species","is_aggregate","smallint","YES",
"ros","refs_biology","species","is_asfis","smallint","NO",
"ros","refs_biology","species_aggregates","species_aggregate_code","character varying(16)","YES",
"ros","refs_biology","species_aggregates","species_code","character varying(16)","YES",
"ros","refs_biology","species_categories","code","character varying(16)","YES",
"ros","refs_biology","species_categories","name_en","character varying(255)","YES",
"ros","refs_biology","species_categories","name_fr","character varying(255)","YES",
"ros","refs_biology","species_groups","code","character varying(16)","YES",
"ros","refs_biology","species_groups","name_en","character varying(255)","YES",
"ros","refs_biology","species_groups","name_fr","character varying(255)","YES",
"ros","refs_biology","tag_types","code","character(2)","YES",
"ros","refs_biology","tag_types","code_orig","character varying(16)","YES",
"ros","refs_biology","tag_types","name_en","character varying(255)","YES",
"ros","refs_biology","tag_types","name_fr","character varying(255)","YES",
"ros","refs_biology","tag_types","description_fr","character varying(4096)","YES",
"ros","refs_biology","tag_types","description_en","character varying(4096)","YES",
"ros","refs_biology","types_of_fate","code","character(2)","YES",
"ros","refs_biology","types_of_fate","name_en","character varying(255)","YES",
"ros","refs_biology","types_of_fate","name_fr","character varying(255)","YES",
"ros","refs_biology","types_of_measurement","code","character(2)","YES",
"ros","refs_biology","types_of_measurement","name_en","character varying(255)","YES",
"ros","refs_biology","types_of_measurement","name_fr","character varying(255)","YES",
"ros","refs_biology","types_of_measurement","default_unit","character(2)","YES",
"ros","refs_biology","types_of_measurement","description_fr","character varying(4096)","YES",
"ros","refs_biology","types_of_measurement","description_en","character varying(4096)","YES",
"ros","refs_data","datasets","code","character(2)","YES","Unique code identifying the dataset type (e.g., CE, DI, FA)"
"ros","refs_data","datasets","name_en","character varying(255)","YES","English label of the dataset type, concise and suitable for code lists"
"ros","refs_data","datasets","name_fr","character varying(255)","YES","French label of the dataset type, concise and suitable for code lists"
"ros","refs_data","datasets","description_fr","character varying(4096)","YES","French description explaining the content and purpose of the dataset"
"ros","refs_data","datasets","description_en","character varying(4096)","YES","English description explaining the content and purpose of the dataset"
"ros","refs_data","logical_responses","code","character varying(5)","YES",
"ros","refs_data","logical_responses","name_en","character varying(255)","YES",
"ros","refs_data","logical_responses","name_fr","character varying(255)","YES",
"ros","refs_data","logical_responses","description_en","character varying(255)","YES",
"ros","refs_data","logical_responses","description_fr","character varying(255)","YES",
"ros","refs_data","processings","dataset_code","character(2)","YES","Type of data: CE = Catch & Effort, FA = FAD-related, DI = Discards, FC = Fishing Crafts, RC = Retained Catches, SF = Fish length/weight frequency"
"ros","refs_data","processings","code","character(2)","YES","Short code identifying the processing method (e.g., BR, EP, ES, LS, NO, SB, SP, SS, TE, UN, OR, AR, AU, etc.)"
"ros","refs_data","processings","name_en","text","YES","English short name of the processing method"
"ros","refs_data","processings","name_fr","text","YES","French short name of the processing method"
"ros","refs_data","processings","description_fr","character varying(4096)","YES","Detailed French description of the processing method, including how data are estimated, sampled, or aggregated"
"ros","refs_data","processings","description_en","character varying(4096)","YES","Detailed English description of the processing method, including how data are estimated, sampled, or aggregated"
"ros","refs_data","sources","dataset_code","character(2)","YES","Type of data: CE = Catch & Effort, DI = Discards, FA = FAD-related activities, FC = Fishing Crafts, RC = Retained Catches, RO = Regional Observer data, SF = Fish length/weight frequency"
"ros","refs_data","sources","code","character(2)","YES","Short code identifying the source within the data type (e.g., EL, LG, OB, RS, TR, UN, GV, RG, PA, PR, CS, EM)"
"ros","refs_data","sources","name_en","character varying(255)","YES","English description of the source code"
"ros","refs_data","sources","name_fr","character varying(255)","YES","French description of the source code"
"ros","refs_data","sources","description_fr","character varying(4096)","YES","Detailed French description of what the source represents or how the data are collected/monitored"
"ros","refs_data","sources","description_en","character varying(4096)","YES","Detailed English description of what the source represents or how the data are collected/monitored"
"ros","refs_fishery","bait_fishing_methods","code","character(2)","YES",
"ros","refs_fishery","bait_fishing_methods","code_orig","character varying(3)","YES",
"ros","refs_fishery","bait_fishing_methods","name_en","character varying(255)","YES",
"ros","refs_fishery","bait_fishing_methods","name_fr","character varying(255)","YES",
"ros","refs_fishery","bait_fishing_methods","description_fr","character varying(4096)","YES",
"ros","refs_fishery","bait_fishing_methods","description_en","character varying(4096)","YES",
"ros","refs_fishery","branchline_storages","code","character(2)","YES",
"ros","refs_fishery","branchline_storages","code_orig","character varying(16)","YES",
"ros","refs_fishery","branchline_storages","name_en","character varying(255)","YES",
"ros","refs_fishery","branchline_storages","name_fr","character varying(255)","YES",
"ros","refs_fishery","branchline_storages","description_fr","character varying(4096)","YES",
"ros","refs_fishery","branchline_storages","description_en","character varying(4096)","YES",
"ros","refs_fishery","dehooker_types","code","character(2)","YES",
"ros","refs_fishery","dehooker_types","name_en","character varying(255)","YES",
"ros","refs_fishery","dehooker_types","name_fr","character varying(255)","YES",
"ros","refs_fishery","dehooker_types","description_fr","character varying(4096)","YES",
"ros","refs_fishery","dehooker_types","description_en","character varying(4096)","YES",
"ros","refs_fishery","fad_raft_designs","code","character(2)","YES",
"ros","refs_fishery","fad_raft_designs","code_orig","character varying(3)","YES",
"ros","refs_fishery","fad_raft_designs","name_en","character varying(255)","YES",
"ros","refs_fishery","fad_raft_designs","name_fr","character varying(255)","YES",
"ros","refs_fishery","fad_raft_designs","description_fr","character varying(4096)","YES",
"ros","refs_fishery","fad_raft_designs","description_en","character varying(4096)","YES",
"ros","refs_fishery","fad_tail_designs","code","character(2)","YES",
"ros","refs_fishery","fad_tail_designs","code_orig","character varying(3)","YES",
"ros","refs_fishery","fad_tail_designs","name_en","character varying(255)","YES",
"ros","refs_fishery","fad_tail_designs","name_fr","character varying(255)","YES",
"ros","refs_fishery","fad_tail_designs","description_fr","character varying(4096)","YES",
"ros","refs_fishery","fad_tail_designs","description_en","character varying(4096)","YES",
"ros","refs_fishery","fish_preservation_methods","code","character(2)","YES",
"ros","refs_fishery","fish_preservation_methods","name_en","character varying(255)","YES",
"ros","refs_fishery","fish_preservation_methods","name_fr","character varying(255)","YES",
"ros","refs_fishery","fish_preservation_methods","description_fr","character varying(4096)","YES",
"ros","refs_fishery","fish_preservation_methods","description_en","character varying(4096)","YES",
"ros","refs_fishery","fish_preservation_methods","code_orig","character(3)","YES",
"ros","refs_fishery","fish_processing_types","code","character(2)","YES",
"ros","refs_fishery","fish_processing_types","name_en","character varying(255)","YES",
"ros","refs_fishery","fish_processing_types","name_fr","character varying(255)","YES",
"ros","refs_fishery","fish_processing_types","description_fr","character varying(4096)","YES",
"ros","refs_fishery","fish_processing_types","description_en","character varying(4096)","YES",
"ros","refs_fishery","fish_storage_types","code","character(2)","YES",
"ros","refs_fishery","fish_storage_types","name_en","character varying(255)","YES",
"ros","refs_fishery","fish_storage_types","name_fr","character varying(255)","YES",
"ros","refs_fishery","fish_storage_types","description_fr","character varying(4096)","YES",
"ros","refs_fishery","fish_storage_types","description_en","character varying(4096)","YES",
"ros","refs_fishery","fisheries","code","character varying(64)","YES",
"ros","refs_fishery","fisheries","name_en","character varying(255)","YES",
"ros","refs_fishery","fisheries","name_fr","character varying(255)","YES",
"ros","refs_fishery","fisheries","fishery_category_code","character varying(16)","YES",
"ros","refs_fishery","fisheries","fishery_type_code","character(2)","YES",
"ros","refs_fishery","fisheries","gear_code","character varying(16)","YES",
"ros","refs_fishery","fisheries","gear_configuration_code","character(2)","NO",
"ros","refs_fishery","fisheries","fishing_mode_code","character(2)","NO",
"ros","refs_fishery","fisheries","target_species_code","character(2)","NO",
"ros","refs_fishery","fisheries","iotdb_gear_code","character varying(6)","NO",
"ros","refs_fishery","fisheries","iotc_fishery_code","character varying(16)","NO",
"ros","refs_fishery","fisheries","description_fr","character varying(4096)","YES",
"ros","refs_fishery","fisheries","description_en","character varying(4096)","YES",
"ros","refs_fishery","float_types","code","character(2)","YES",
"ros","refs_fishery","float_types","code_orig","character(3)","YES",
"ros","refs_fishery","float_types","name_en","character varying(255)","YES",
"ros","refs_fishery","float_types","name_fr","character varying(255)","YES",
"ros","refs_fishery","float_types","description_fr","character varying(4096)","YES",
"ros","refs_fishery","float_types","description_en","character varying(4096)","YES",
"ros","refs_fishery","hook_and_terminal_devices","code","character(3)","YES",
"ros","refs_fishery","hook_and_terminal_devices","name_en","character varying(255)","YES",
"ros","refs_fishery","hook_and_terminal_devices","name_fr","character varying(255)","YES",
"ros","refs_fishery","hook_and_terminal_devices","description_en","character varying(4096)","YES",
"ros","refs_fishery","hook_and_terminal_devices","description_fr","character varying(4096)","YES",
"ros","refs_fishery","hull_material_types","code","character(2)","YES",
"ros","refs_fishery","hull_material_types","code_orig","character(3)","YES",
"ros","refs_fishery","hull_material_types","name_en","character varying(255)","YES",
"ros","refs_fishery","hull_material_types","name_fr","character varying(255)","YES",
"ros","refs_fishery","hull_material_types","description_fr","character varying(4096)","YES",
"ros","refs_fishery","hull_material_types","description_en","character varying(4096)","YES",
"ros","refs_fishery","light_colours","code","character(2)","YES",
"ros","refs_fishery","light_colours","name_en","character varying(255)","YES",
"ros","refs_fishery","light_colours","name_fr","character varying(255)","YES",
"ros","refs_fishery","light_colours","description_fr","character varying(4096)","YES",
"ros","refs_fishery","light_colours","description_en","character varying(4096)","YES",
"ros","refs_fishery","light_types","code","character(2)","YES",
"ros","refs_fishery","light_types","name_en","character varying(255)","YES",
"ros","refs_fishery","light_types","name_fr","character varying(255)","YES",
"ros","refs_fishery","light_types","description_fr","character varying(4096)","YES",
"ros","refs_fishery","light_types","description_en","character varying(4096)","YES",
"ros","refs_fishery","line_material_types","code","character(2)","YES",
"ros","refs_fishery","line_material_types","code_orig","character(3)","YES",
"ros","refs_fishery","line_material_types","name_en","character varying(255)","YES",
"ros","refs_fishery","line_material_types","name_fr","character varying(255)","YES",
"ros","refs_fishery","line_material_types","description_fr","character varying(4096)","YES",
"ros","refs_fishery","line_material_types","description_en","character varying(4096)","YES",
"ros","refs_fishery","mitigation_devices","code","character(2)","YES",
"ros","refs_fishery","mitigation_devices","code_orig","character(3)","YES",
"ros","refs_fishery","mitigation_devices","name_en","character varying(255)","YES",
"ros","refs_fishery","mitigation_devices","name_fr","character varying(255)","YES",
"ros","refs_fishery","mitigation_devices","description_fr","character varying(4096)","YES",
"ros","refs_fishery","mitigation_devices","description_en","character varying(4096)","YES",
"ros","refs_fishery","net_colours","code","character(2)","YES",
"ros","refs_fishery","net_colours","code_orig","character(3)","YES",
"ros","refs_fishery","net_colours","name_en","character varying(255)","YES",
"ros","refs_fishery","net_colours","name_fr","character varying(255)","YES",
"ros","refs_fishery","net_colours","description_fr","character varying(4096)","YES",
"ros","refs_fishery","net_colours","description_en","character varying(4096)","YES",
"ros","refs_fishery","net_conditions","code","character(2)","YES",
"ros","refs_fishery","net_conditions","code_orig","character(3)","YES",
"ros","refs_fishery","net_conditions","name_en","character varying(255)","YES",
"ros","refs_fishery","net_conditions","name_fr","character varying(255)","YES",
"ros","refs_fishery","net_conditions","description_fr","character varying(255)","NO",
"ros","refs_fishery","net_conditions","description_en","character varying(255)","NO",
"ros","refs_fishery","net_configurations","code","character(2)","YES",
"ros","refs_fishery","net_configurations","name_en","character varying(255)","YES",
"ros","refs_fishery","net_configurations","name_fr","character varying(255)","YES",
"ros","refs_fishery","net_configurations","description_fr","character varying(4096)","YES",
"ros","refs_fishery","net_configurations","description_en","character varying(4096)","YES",
"ros","refs_fishery","net_deploy_depths","code","character(2)","YES",
"ros","refs_fishery","net_deploy_depths","code_orig","character(3)","YES",
"ros","refs_fishery","net_deploy_depths","name_en","character varying(255)","YES",
"ros","refs_fishery","net_deploy_depths","name_fr","character varying(255)","YES",
"ros","refs_fishery","net_deploy_depths","description_fr","character varying(4096)","YES",
"ros","refs_fishery","net_deploy_depths","description_en","character varying(4096)","YES",
"ros","refs_fishery","net_setting_strategies","code","character(2)","YES",
"ros","refs_fishery","net_setting_strategies","code_orig","character(3)","YES",
"ros","refs_fishery","net_setting_strategies","name_en","character varying(255)","YES",
"ros","refs_fishery","net_setting_strategies","name_fr","character varying(255)","YES",
"ros","refs_fishery","net_setting_strategies","description_fr","character varying(4096)","YES",
"ros","refs_fishery","net_setting_strategies","description_en","character varying(4096)","YES",
"ros","refs_fishery","reasons_days_lost","code","character(2)","YES",
"ros","refs_fishery","reasons_days_lost","code_orig","character(3)","YES",
"ros","refs_fishery","reasons_days_lost","name_en","character varying(255)","YES",
"ros","refs_fishery","reasons_days_lost","name_fr","character varying(255)","YES",
"ros","refs_fishery","reasons_days_lost","description_fr","character varying(255)","NO",
"ros","refs_fishery","reasons_days_lost","description_en","character varying(255)","NO",
"ros","refs_fishery","school_detection_methods","code","character(2)","YES",
"ros","refs_fishery","school_detection_methods","code_orig","character varying(3)","YES",
"ros","refs_fishery","school_detection_methods","name_en","character varying(255)","YES",
"ros","refs_fishery","school_detection_methods","name_fr","character varying(255)","YES",
"ros","refs_fishery","school_sighting_cues","code","character(2)","YES",
"ros","refs_fishery","school_sighting_cues","code_orig","character varying(4)","YES",
"ros","refs_fishery","school_sighting_cues","name_en","character varying(255)","YES",
"ros","refs_fishery","school_sighting_cues","name_fr","character varying(255)","YES",
"ros","refs_fishery","school_sighting_cues","school_type_category_code","character(2)","YES",
"ros","refs_fishery","school_sighting_cues","description_fr","character varying(4096)","YES",
"ros","refs_fishery","school_sighting_cues","description_en","character varying(4096)","YES",
"ros","refs_fishery","school_type_categories","code","character(2)","YES",
"ros","refs_fishery","school_type_categories","name_en","character varying(255)","YES",
"ros","refs_fishery","school_type_categories","name_fr","character varying(255)","YES",
"ros","refs_fishery","school_type_categories","description_fr","character varying(4096)","YES",
"ros","refs_fishery","school_type_categories","description_en","character varying(4096)","YES",
"ros","refs_fishery","sinker_material_types","code","character(2)","YES",
"ros","refs_fishery","sinker_material_types","code_orig","character(3)","YES",
"ros","refs_fishery","sinker_material_types","name_en","character varying(255)","YES",
"ros","refs_fishery","sinker_material_types","name_fr","character varying(255)","YES",
"ros","refs_fishery","sinker_material_types","description_fr","character varying(4096)","YES",
"ros","refs_fishery","sinker_material_types","description_en","character varying(4096)","YES",
"ros","refs_fishery","surface_fishery_activities","code","character varying(3)","YES",
"ros","refs_fishery","surface_fishery_activities","name_en","character varying(512)","YES",
"ros","refs_fishery","surface_fishery_activities","name_fr","character varying(512)","YES",
"ros","refs_fishery","surface_fishery_activities","pl","smallint","YES",
"ros","refs_fishery","surface_fishery_activities","ps","smallint","YES",
"ros","refs_fishery","surface_fishery_activities","description_fr","character varying(4096)","YES",
"ros","refs_fishery","surface_fishery_activities","description_en","character varying(4096)","YES",
"ros","refs_fishery","vessel_types","code","character(3)","YES",
"ros","refs_fishery","vessel_types","name_en","character varying(255)","YES",
"ros","refs_fishery","vessel_types","name_fr","character varying(255)","YES",
"ros","refs_fishery","vessel_types","description_en","text","YES",
"ros","refs_fishery","vessel_types","description_fr","text","YES",
"ros","refs_fishery","waste_categories","code","character(2)","YES",
"ros","refs_fishery","waste_categories","name_en","character varying(255)","YES",
"ros","refs_fishery","waste_categories","name_fr","character varying(255)","YES",
"ros","refs_fishery","waste_categories","description_fr","character varying(255)","NO",
"ros","refs_fishery","waste_categories","description_en","character varying(255)","NO",
"ros","refs_fishery","waste_disposal_methods","code","character(2)","YES",
"ros","refs_fishery","waste_disposal_methods","name_en","character varying(255)","YES",
"ros","refs_fishery","waste_disposal_methods","name_fr","character varying(255)","YES",
"ros","refs_fishery","waste_disposal_methods","description_fr","character varying(255)","NO",
"ros","refs_fishery","waste_disposal_methods","description_en","character varying(255)","NO",
"ros","refs_fishery_config","areas_of_operation","code","character varying(16)","YES",
"ros","refs_fishery_config","areas_of_operation","name_en","character varying(64)","YES",
"ros","refs_fishery_config","areas_of_operation","name_fr","character varying(64)","YES",
"ros","refs_fishery_config","areas_of_operation","description_en","character varying(512)","YES",
"ros","refs_fishery_config","areas_of_operation","description_fr","character varying(512)","YES",
"ros","refs_fishery_config","fishery_categories","code","character varying(16)","YES",
"ros","refs_fishery_config","fishery_categories","name_en","character varying(255)","YES",
"ros","refs_fishery_config","fishery_categories","name_fr","character varying(255)","YES",
"ros","refs_fishery_config","fishery_categories","description_en","character varying(512)","YES",
"ros","refs_fishery_config","fishery_categories","description_fr","character varying(512)","YES",
"ros","refs_fishery_config","fishery_categories","rav_vessels","smallint","YES",
"ros","refs_fishery_config","fishery_categories","minimum_grid_size","character(9)","NO",
"ros","refs_fishery_config","fishery_purposes","code","character(3)","YES",
"ros","refs_fishery_config","fishery_purposes","name_en","character varying(64)","YES",
"ros","refs_fishery_config","fishery_purposes","name_fr","character varying(64)","YES",
"ros","refs_fishery_config","fishery_purposes","description_en","character varying(512)","YES",
"ros","refs_fishery_config","fishery_purposes","description_fr","character varying(512)","YES",
"ros","refs_fishery_config","fishery_types","code","character(2)","YES",
"ros","refs_fishery_config","fishery_types","purpose_code","character(3)","YES",
"ros","refs_fishery_config","fishery_types","area_of_operation_code","character varying(16)","YES",
"ros","refs_fishery_config","fishery_types","loa_class_code","character varying(16)","YES",
"ros","refs_fishery_config","fishery_types","name_en","character varying(255)","YES",
"ros","refs_fishery_config","fishery_types","name_fr","character varying(255)","YES",
"ros","refs_fishery_config","fishery_types","description_en","character varying(512)","YES",
"ros","refs_fishery_config","fishery_types","description_fr","character varying(512)","YES",
"ros","refs_fishery_config","fishing_modes","code","character(2)","YES",
"ros","refs_fishery_config","fishing_modes","name_en","character varying(255)","YES",
"ros","refs_fishery_config","fishing_modes","name_fr","character varying(255)","YES",
"ros","refs_fishery_config","fishing_modes","description_en","character varying(512)","YES",
"ros","refs_fishery_config","fishing_modes","description_fr","character varying(512)","YES",
"ros","refs_fishery_config","gear_configurations","code","character(2)","YES",
"ros","refs_fishery_config","gear_configurations","name_en","character varying(255)","YES",
"ros","refs_fishery_config","gear_configurations","name_fr","character varying(255)","YES",
"ros","refs_fishery_config","gear_configurations","description_en","character varying(512)","YES",
"ros","refs_fishery_config","gear_configurations","description_fr","character varying(512)","YES",
"ros","refs_fishery_config","gear_fishery_type_to_configuration","gear_code","character varying(16)","YES",
"ros","refs_fishery_config","gear_fishery_type_to_configuration","fishery_type_code","character(2)","YES",
"ros","refs_fishery_config","gear_fishery_type_to_configuration","gear_configuration_code","character(2)","YES",
"ros","refs_fishery_config","gear_fishery_type_to_fishing_mode","gear_code","character varying(16)","YES",
"ros","refs_fishery_config","gear_fishery_type_to_fishing_mode","fishery_type_code","character(2)","YES",
"ros","refs_fishery_config","gear_fishery_type_to_fishing_mode","fishing_mode_code","character(2)","YES",
"ros","refs_fishery_config","gear_groups","code","character(2)","YES",
"ros","refs_fishery_config","gear_groups","name_en","character varying(255)","YES",
"ros","refs_fishery_config","gear_groups","name_fr","character varying(255)","YES",
"ros","refs_fishery_config","gear_groups","description_en","character varying(512)","YES",
"ros","refs_fishery_config","gear_groups","description_fr","character varying(512)","YES",
"ros","refs_fishery_config","gear_to_fishery_type","gear_code","character varying(16)","YES",
"ros","refs_fishery_config","gear_to_fishery_type","fishery_type_code","character(2)","YES",
"ros","refs_fishery_config","gear_to_target_species","gear_code","character varying(16)","YES",
"ros","refs_fishery_config","gear_to_target_species","target_species_code","character(2)","YES",
"ros","refs_fishery_config","gears","code","character varying(16)","YES",
"ros","refs_fishery_config","gears","gear_group_code","character(2)","YES",
"ros","refs_fishery_config","gears","isscfg_code","character varying(5)","YES",
"ros","refs_fishery_config","gears","name_en","character varying(255)","YES",
"ros","refs_fishery_config","gears","name_fr","character varying(255)","YES",
"ros","refs_fishery_config","gears","description_en","text","YES",
"ros","refs_fishery_config","gears","description_fr","text","YES",
"ros","refs_fishery_config","gears","code_orig","character(3)","YES",
"ros","refs_fishery_config","loa_classes","code","character varying(16)","YES",
"ros","refs_fishery_config","loa_classes","name_en","character varying(64)","YES",
"ros","refs_fishery_config","loa_classes","name_fr","character varying(64)","YES",
"ros","refs_fishery_config","loa_classes","description_en","character varying(512)","YES",
"ros","refs_fishery_config","loa_classes","description_fr","character varying(512)","YES",
"ros","refs_fishery_config","target_species","code","character(2)","YES",
"ros","refs_fishery_config","target_species","name_en","character varying(255)","YES",
"ros","refs_fishery_config","target_species","name_fr","character varying(255)","YES",
"ros","refs_fishery_config","target_species","description_en","character varying(600)","YES",
"ros","refs_fishery_config","target_species","description_fr","character varying(600)","YES",
"ros","refs_gis","area_intersections","source_code","character varying(32)","YES",
"ros","refs_gis","area_intersections","target_code","character varying(32)","YES",
"ros","refs_gis","area_intersections","source_area_km2","bigint","YES",
"ros","refs_gis","area_intersections","target_area_km2","bigint","YES",
"ros","refs_gis","area_intersections","intersection_area_km2","bigint","YES",
"ros","refs_gis","area_intersections","source_rel_intersection","numeric(10,9)","YES",
"ros","refs_gis","area_intersections","target_rel_intersection","numeric(10,9)","YES",
"ros","refs_gis","area_intersections","intersection_area","geography","YES",
"ros","refs_gis","area_intersections","description_fr","character varying(4096)","YES",
"ros","refs_gis","area_intersections","description_en","character varying(4096)","YES",
"ros","refs_gis","area_types","code","character(9)","YES",
"ros","refs_gis","area_types","name_en","character varying(512)","YES",
"ros","refs_gis","area_types","name_fr","character varying(512)","YES",
"ros","refs_gis","area_types","fishing_ground_prefix","character(1)","NO",
"ros","refs_gis","area_types","description_fr","character varying(4096)","YES",
"ros","refs_gis","area_types","description_en","character varying(4096)","YES",
"ros","refs_gis","areas","code","character varying(32)","YES",
"ros","refs_gis","areas","area_type_code","character(9)","YES",
"ros","refs_gis","areas","label_en","character varying(512)","YES",
"ros","refs_gis","areas","label_fr","character varying(512)","YES",
"ros","refs_gis","areas","name_en","character varying(512)","YES",
"ros","refs_gis","areas","name_fr","character varying(512)","YES",
"ros","refs_gis","areas","land_area_km2","double precision","YES",
"ros","refs_gis","areas","ocean_area_km2","bigint","YES",
"ros","refs_gis","areas","ocean_area_io_km2","bigint","YES",
"ros","refs_gis","areas","ocean_area_iotc_km2","bigint","YES",
"ros","refs_gis","areas","area_geometry","geometry","YES",
"ros","refs_gis","areas","center_lat","double precision","YES",
"ros","refs_gis","areas","center_lon","double precision","YES",
"ros","refs_gis","areas","area_geometry_old","geometry","NO",
"ros","refs_meta","codelists_versions","cl_schema","character varying(255)","YES",
"ros","refs_meta","codelists_versions","cl_name","character varying(255)","YES",
"ros","refs_meta","codelists_versions","version","integer","YES",
"ros","refs_meta","codelists_versions","last_update","timestamp without time zone","YES",
"ros","refs_meta","codelists_versions","url","text","NO",
"ros","refs_meta","codelists_versions","current_doi","text","YES",
